Symbol,Series,ClosePrice,TodayVolume,ValueTraded,2026-10-06
20MICRONS,EQ,207.87,42040,8698052.30
21STCENMGM,EQ,38.36,4200,160892.94
360ONE,EQ,1069.50,734690,784493774.80
GOLD360,EQ,143.25,6085,869683.05
MSCI360,EQ,9.56,1624,15547.54
SILVER360,EQ,216.58,7580,1635967.41
3BBLACKBIO,EQ,1575.10,13616,21634264.10
3MINDIA,EQ,30840.00,1680,51548200.00
3PLAND,EQ,30.75,365,11051.50
5PAISA,EQ,349.70,136027,47727471.00
63MOONS,EQ,792.95,87123,68905428.60
ABCOTS,EQ,193.34,2483,480083.75
ABMKNO,EQ,165.87,1818,301643.53
AKCAPIT,EQ,1709.10,1082,1866273.30
AONESTEELS,EQ,384.80,659243,248924941.85
A2ZINFRA,EQ,14.00,316196,4359020.92
AAATECH,EQ,103.53,424175,43784235.80
AADHARHFC,EQ,453.80,259527,118125954.60
AAKASH,EQ,8.21,248778,1985875.78
AAREYDRUGS,EQ,107.85,184313,19645403.36
AARON,EQ,122.31,5775,709542.93
AARTIDRUGS,EQ,428.80,132855,56353248.00
AARTIIND,EQ,481.15,755429,364852309.10
AARTIPHARM,EQ,975.00,537274,522507943.80
AARVI,EQ,138.82,1895,261042.81
AASTHA,EQ,29.54,961865,28689671.14
AAVAS,EQ,1215.10,34464,41694800.70
ABANSENT,EQ,27.51,10512,290456.42
AFSL,EQ,201.00,2674,537740.79
ABB,EQ,7122.50,241531,1710699564.50
ABBOTINDIA,EQ,26115.00,12533,327339655.00
ACC,EQ,1177.00,62747,74311992.30
ACCELYA,EQ,1097.50,64134,70877355.90
ACCURACY,EQ,4.10,24807,102908.44
ACEINTEG,EQ,17.03,405,6899.70
ACEVECTOR,EQ,25.93,16627205,441437762.70
ACMESOLAR,EQ,448.20,887494,390941003.55
ACE,EQ,1252.20,197550,245603570.00
ACUTAAS,EQ,3156.70,321664,1014623970.10
ADANIENSOL,EQ,1350.10,1566344,2120436577.60
ADANIENT,EQ,2849.90,1240051,3546355318.60
ADANIGREEN,EQ,1313.00,2570708,3375277146.60
ADANIPORTS,EQ,1783.40,1684154,2995389521.50
ADANIPOWER,EQ,202.40,23468966,4769365492.13
ATGL,EQ,588.45,365730,215212883.40
ADDIND,EQ,78.90,422,33328.08
ADFFOODS,EQ,293.10,487913,143153120.95
ABSLAMC,EQ,1009.65,213335,217068182.40
ABCAPITAL,EQ,378.90,4873650,1834124852.50
ABFRL,EQ,45.68,10464192,485341491.21
ABLBL,EQ,73.16,3207943,238217686.40
BIRLAMONEY,EQ,116.45,41987,4827444.73
ABREL,EQ,1078.00,178357,193677941.70
CPPLUS,EQ,3976.00,432803,1762432651.00
AVL,EQ,595.10,85771,50943823.60
BSLGOLDETF,EQ,129.39,391297,50584002.90
BSLNIFTY,EQ,26.69,730654,19482554.54
ADOR,EQ,1535.00,14756,22715549.60
ADVAIT,EQ,1946.90,63179,120463694.20
ADVANCE,EQ,117.76,66008,7743245.97
ADVENZYMES,EQ,273.10,171582,47130420.90
ADVANIHOTR,EQ,47.51,31548,1500100.09
ADVENTHTL,EQ,122.21,106585,13133715.80
ADVIKCA,EQ,0.99,362238,361510.68
RAMBHAJO,EQ,330.35,880575,283733690.05
AEGISLOG,EQ,1395.90,861628,1187511393.10
AEGISVOPAK,EQ,293.35,538943,158310899.65
AEQUS,EQ,286.10,4437254,1283050350.60
AEROENTER,EQ,132.56,796865,104713660.79
AEROFLEX,EQ,560.75,1324804,730961388.15
AERONEU,EQ,69.97,63434,4445316.00
AETHER,EQ,1799.80,1456255,2587542461.70
AFCONS,EQ,242.15,167607,40613075.72
AFFLE,EQ,1450.20,96528,139645376.40
AFFORDABLE,EQ,163.67,18157,2968543.17
AGARIND,EQ,396.50,14766,5801642.95
AGI,EQ,786.40,52157,41053709.05
AGIIL,EQ,259.10,150360,39125430.55
AGRITECH,EQ,87.68,6452,571807.31
AGROPHOS,EQ,21.92,36332,802875.79
AHLADA,EQ,38.33,9703,366037.17
AHLUCONT,EQ,576.05,23249,13305283.00
AIAENG,EQ,3914.70,43786,170488249.50
AIRAN,EQ,15.40,83556,1297112.09
AIROLAM,EQ,88.29,132,11889.44
AJANTPHARM,EQ,3573.40,109380,388465511.70
AJAXENGG,EQ,585.85,51992,30655273.25
AJMERA,EQ,116.24,372159,43190973.41
AJOONI,EQ,3.08,233526,725028.09
AKASH,EQ,24.81,6070,151205.96
AKG,EQ,9.38,3242,30385.69
AFIL,EQ,7.90,395042,3071055.38
AKSHAR,EQ,0.41,516716,216751.66
AKUMS,EQ,814.65,128317,104121110.45
ALANKIT,EQ,7.58,117495,889415.75
ALBERTDAVD,EQ,839.10,2820,2351616.40
ALEMBICLTD,EQ,104.99,346507,36527484.51
APLLTD,EQ,834.20,143011,119006112.35
ALFREDHE,EQ,2750.00,34,93720.90
ALGOQUANT,EQ,70.56,1409783,98347700.85
ALICON,EQ,866.90,59587,51021439.55
ALIVUS,EQ,1384.00,166792,229496197.10
ALKEM,EQ,5292.00,63668,334059295.00
ALKYLAMINE,EQ,1962.20,3134700,6228775555.50
ALLTIME,EQ,184.36,162308,29814688.89
AGL,EQ,12.77,1266118,15976016.52
ALLCARGO,EQ,10.50,4523931,46670676.05
ATL,EQ,24.71,70373,1728404.13
ALLDIGI,EQ,768.10,7202,5460600.20
ABDL,EQ,714.65,701809,503218436.95
ADSL,EQ,103.82,219245,22915243.16
ALOKINDS,EQ,7.83,36666461,280129061.36
ALPA,EQ,58.73,5812,341625.07
ALPINETEX,EQ,46.44,113484,5286435.41
ALUFLUOR,EQ,619.45,11486,7145292.10
AMAGI,EQ,564.15,214734,121204182.60
AMAL,EQ,753.70,23479,17352906.45
ARE&M,EQ,742.90,309353,229775272.50
AMARJOTHI,EQ,149.05,1085,161590.49
AMBER,EQ,6869.00,155584,1049546130.50
AMBICAAGAR,EQ,24.42,1832,44240.84
AMBIKCO,EQ,1532.70,2521,3869566.70
AMBUJACEM,EQ,361.55,2356458,860806450.15
AMNPLST,EQ,186.92,431098,81882369.08
AEROPLANE,EQ,209.24,815516,170545805.06
AMJLAND,EQ,37.66,2127,79944.94
AMRUTANJAN,EQ,523.70,27720,14460343.15
ARSSBL,EQ,551.55,468308,257150484.35
ANANDRATHI,EQ,2142.00,275350,590380889.50
ANANTRAJ,EQ,608.90,1142191,685246463.55
ACL,EQ,39.67,6310,250464.31
ANDHRAPAP,EQ,70.48,234556,16455697.38
ANDHRSUGAR,EQ,94.42,360904,33868299.70
ANDREWYU,EQ,24.95,104068,2584018.63
ANGELONE,EQ,295.00,8198494,2401269442.15
ANIKINDS,EQ,45.40,66538,3104072.65
APCL,EQ,93.58,2525,238312.08
AHCL,EQ,29.66,11979158,357716642.12
ANNAPURNA,EQ,130.35,34618,4514055.73
ANNU,EQ,44.33,661281,29332487.91
ANSALBU,EQ,85.57,779,65994.27
ANTGRAPHIC,EQ,0.69,98256,68438.71
ANTELOPUS,EQ,1100.60,173534,191940293.60
ANTHEM,EQ,890.35,681982,598225811.55
AWHCL,EQ,355.20,69504,24683690.05
ANUHPHR,EQ,87.57,105757,9179357.61
ANURAS,EQ,1170.20,440690,516479187.60
AONEGOLD,EQ,13.69,210243,2875756.94
AONELIQUID,EQ,1079.86,9477,10233852.82
AONENIFTY,EQ,9.39,93166,872742.19
AONESILVER,EQ,8.40,284744,2388833.10
AONETMMQ50,EQ,10.01,148640,1480411.03
AONETOTAL,EQ,11.37,106286,1204843.73
APARINDS,EQ,18016.00,94494,1718010051.00
APCOTEXIND,EQ,610.70,79604,48176526.30
APEX,EQ,339.80,107151,35884266.45
APLAPOLLO,EQ,2152.00,320327,685189394.20
APOLLOHOSP,EQ,7914.50,1072883,8455794628.50
APOLLO,EQ,408.05,3344430,1359480183.80
APOLLOPIPE,EQ,529.80,132829,71379846.45
APOLSINHOT,EQ,1174.70,857,1005936.30
APOLLOTYRE,EQ,401.55,333239,133761315.40
APTECHT,EQ,88.19,76755,6761112.13
APTUS,EQ,223.90,512918,115009809.65
AQYLON,EQ,15.46,335127,5251281.21
ACI,EQ,474.50,87877,41473326.95
ADL,EQ,76.20,18,1352.95
ARCHIDPLY,EQ,101.67,12612,1282133.64
ARCHIES,EQ,12.24,14768,180012.44
ARCL,EQ,226.99,2963,667686.09
ARDEE,EQ,50.22,1861166,92757479.30
ARFIN,EQ,96.36,9170776,875384926.09
ARIHANTCAP,EQ,94.13,1232598,117964668.53
ARIHANT,EQ,914.90,873,795041.55
ARIHANTSUP,EQ,220.26,1578,345122.10
ARIS,EQ,143.66,2533868,363053359.59
ARKADE,EQ,121.24,97831,11819380.83
ARMANFIN,EQ,1743.70,17759,30948018.60
ARMEE,EQ,271.05,2199972,598325591.50
AROGRANITE,EQ,22.97,4041,92335.18
ARROWGREEN,EQ,891.75,60698,54553032.80
ARTNIRMAN,EQ,40.13,62,2509.96
AEPL,EQ,15.20,27213,414502.31
ARTEMISMED,EQ,318.35,428681,136308411.80
ARVEE,EQ,216.89,8861,1925769.94
ARVINDFASN,EQ,406.40,293478,117939400.25
ARVIND,EQ,534.65,351037,187314296.20
ARVSMART,EQ,603.80,61916,36880841.75
ARYAMAN,EQ,620.90,10,6209.00
ASAHIINDIA,EQ,956.95,36644,34839488.85
ASHAPURMIN,EQ,502.90,229174,114590031.65
ASHIANA,EQ,382.95,29815,11372531.50
ASHIMASYN,EQ,14.88,108612,1607446.79
ASHOKLEY,EQ,153.70,9995070,1531015270.73
ASHOKA,EQ,106.42,395400,42026464.33
ASHOKAMET,EQ,14.71,21653,316485.70
ASIANENE,EQ,463.75,129110,59779180.65
ASIANTILES,EQ,48.10,1144403,54524591.93
AHLEAST,EQ,135.74,777,106011.27
ASIANHOTNR,EQ,328.65,6380,2114972.50
ASIANPAINT,EQ,2424.20,439473,1050827762.70
ASTAR,EQ,639.80,774,492671.35
ASIANTNE,EQ,9.06,3657,33011.76
ASKAUTOLTD,EQ,609.75,128865,78452992.25
ASPINWALL,EQ,238.35,2844,681623.95
ARCIL,EQ,145.74,1271807,185289647.97
ASALCBR,EQ,598.70,54706,32590634.30
ASTEC,EQ,704.70,73594,51503015.65
ASTERDM,EQ,684.70,1226250,838802067.80
ASTRAMICRO,EQ,1705.90,571464,971792202.30
ASTRAL,EQ,1402.30,359782,497257790.20
ASTRAZEN,EQ,5980.50,5728,33975128.50
ATALREAL,EQ,12.36,1940986,24028417.48
ATAM,EQ,54.20,4007,218502.62
ATHERENERG,EQ,1446.00,4192732,5929560531.80
ATLANTAELE,EQ,1869.30,339216,648263349.50
ATLANTAA,EQ,35.34,18256,645294.37
ATLASCYCLE,EQ,92.93,7339,681719.91
ATULAUTO,EQ,427.50,42113,17991355.15
ATUL,EQ,6000.00,37620,224973764.00
AUBANK,EQ,1028.00,1179591,1213237678.60
AUGMONT,EQ,1162.20,568075,675830307.60
AURIONPRO,EQ,616.05,172779,106042459.80
AUROPHARMA,EQ,1692.80,1009636,1702504351.50
AURUM,EQ,231.14,135512,31126101.55
AURUS,EQ,4.29,12082,50680.38
AUSOMENT,EQ,137.48,1865,259125.90
AUSTENG,EQ,166.43,8508,1412317.27
AIIL,EQ,550.15,55682,30632905.45
AUTOIND,EQ,85.82,125477,10616634.37
ACGL,EQ,1723.70,1034,1777298.70
AUTOAXLES,EQ,1638.10,2484,4064672.80
ASAL,EQ,426.20,5651,2415263.05
AVADHSUGAR,EQ,873.30,523457,456983773.90
AVALON,EQ,2400.40,565942,1334880252.10
AVANCE,EQ,0.77,7221289,5673912.98
AVANTEL,EQ,151.08,691347,104197456.74
AVANTIFEED,EQ,714.10,139663,99666217.95
DMART,EQ,3581.90,827372,2946760759.10
CCAVENUE,EQ,15.35,17222230,264195024.82
AVG,EQ,172.06,75078,12827838.76
ASMS,EQ,5.98,165301,978659.99
AVONMORE,EQ,12.55,66577,840537.30
AVROIND,EQ,6.85,150875,1030267.10
AVTNPL,EQ,90.18,127373,11555035.35
AWFIS,EQ,243.54,547536,132894693.76
AWL,EQ,185.93,4711354,868380937.85
AXISBANK,EQ,1248.00,7518330,9355571180.60
ENERGYAXIS,EQ,18.42,8261,152254.62
BNKETFAXIS,EQ,568.73,2590,1474295.30
CONSUMAXIS,EQ,113.50,4209,476680.01
GOLDAXIS,EQ,122.34,1062940,129468812.11
HEALTHAXIS,EQ,163.78,2581,421805.87
ITAXIS,EQ,307.77,3520,1086940.74
NIFTYAXIS,EQ,251.28,166573,41938714.51
SENSEXAXIS,EQ,75.78,4817,364725.15
SILVERAXIS,EQ,219.09,715377,156144349.46
VALUEAXIS,EQ,30.93,71332,2212511.15
AXISCADES,EQ,2288.50,141367,321754736.60
AXITA,EQ,7.51,223090,1682218.77
AXTEL,EQ,447.95,4750,2114187.50
AYE,EQ,165.56,320576,52856289.74
AYMSYNTEX,EQ,289.25,32944,9422609.95
AZAD,EQ,3062.60,1329869,4045076589.20
AZADIND,EQ,80.94,41576,3415074.86
BBTCL,EQ,233.12,5121,1208389.62
BAGFILMS,EQ,4.11,63985,263645.50
BLKASHYAP,EQ,54.79,747328,40883026.25
STYLEBAAZA,EQ,375.45,1260694,462940266.15
BAIDFIN,EQ,10.32,39796,405802.65
BAJAJ-AUTO,EQ,10017.00,159069,1591790207.00
BAJAJCON,EQ,493.50,284916,140020027.50
BAJAJELEC,EQ,300.25,104900,31610498.85
BAJFINANCE,EQ,963.10,4380406,4221478392.70
BAJAJFINSV,EQ,1752.40,552353,964032581.70
BAJAJHCARE,EQ,323.10,79462,25504098.45
BAJAJHIND,EQ,21.33,31059329,649688883.95
BAJAJHLDNG,EQ,10600.00,39830,423938374.00
BAJAJHFL,EQ,82.36,1967051,162394491.68
BAJAJST,EQ,324.40,9801,3170567.50
BAJEL,EQ,164.08,132024,21720805.96
BALAMINES,EQ,2287.70,2585710,5843966395.70
BALAJITELE,EQ,90.56,80196,7257696.36
BALAXI,EQ,22.67,8384,190308.55
BALKRISIND,EQ,2082.70,122686,255382673.50
BALKRISHNA,EQ,16.21,2770,44984.55
BALMLAWRIE,EQ,158.78,210133,32898838.99
BLIL,EQ,65.21,36925,2397933.01
BALRAMCHIN,EQ,691.30,2257521,1561525162.85
BALUFORGE,EQ,526.95,777797,404176724.20
BANARBEADS,EQ,116.11,1285,151468.83
BANCOINDIA,EQ,602.65,54328,32545202.45
BANDHANBNK,EQ,164.15,12148002,2013230339.60
GOLDBND,EQ,146.97,17655,2593233.77
IDFNIFTYET,EQ,251.47,1341,336754.05
SILVERBND,EQ,221.55,2006,442314.56
BANG,EQ,33.49,57018,1910317.94
BANKBARODA,EQ,232.73,5312668,1239580604.29
BANKINDIA,EQ,132.16,3280724,434509335.70
MAHABANK,EQ,80.80,8455689,680558031.76
BANKA,EQ,69.50,962,66348.86
BASML,EQ,22.88,34084,780283.77
BANARISUG,EQ,3349.30,1405,4737272.40
BANSALWIRE,EQ,325.70,100324,32871206.30
BANSWRAS,EQ,105.09,14812,1556574.66
BVCL,EQ,41.44,27256,1127340.08
BBNPNBETF,EQ,55.68,275,15273.43
BBNPPGOLD,EQ,141.85,5215,738399.90
BASF,EQ,3472.10,20716,72008897.10
BATAINDIA,EQ,619.85,71929,44399823.25
BATLIBOI,EQ,96.16,258938,24703267.56
BAYERCROP,EQ,3533.40,17934,63284017.50
BCLIND,EQ,32.03,365447,11620658.49
BCPL,EQ,67.24,17887,1207666.62
BEARDSELL,EQ,22.50,24500,557845.55
BEDMUTHA,EQ,106.23,15926,1693727.64
BEEKAY,EQ,434.10,1114,481278.50
BLEL,EQ,510.05,2319444,1175495354.10
BELLACASA,EQ,242.13,6123,1485223.57
BELRISE,EQ,236.81,2650681,613609583.49
BLAL,EQ,157.53,6912,1095148.09
BEML,EQ,2042.20,196225,394484747.80
BENARAS,EQ,10238.00,221,2254684.00
BENGALASM,EQ,6110.50,657,3958531.50
BERGEPAINT,EQ,472.55,383616,179165729.75
BESTAGRO,EQ,17.89,523828,9374050.43
BETA,EQ,2001.40,10362,20786855.60
BFINVEST,EQ,441.35,11744,5156817.45
BFUTILITIE,EQ,498.90,20937,10457859.20
BANK10BETF,EQ,20.32,5941334,120762851.79
BANKBETF,EQ,55.96,7700,431233.00
LIQUIDBETF,EQ,1101.75,218906,241180704.75
NIFTYBETF,EQ,233.91,2160,504994.46
BHAGERIA,EQ,393.55,361311,142321710.60
BHAGCHEM,EQ,239.91,97813,23166452.39
BHAGYANGR,EQ,432.95,149876,64219208.65
BHANDARI,EQ,2.83,149942,418347.12
BEPL,EQ,128.63,1635015,209638620.19
BBL,EQ,2068.80,26540,54769653.00
BHARATCOAL,EQ,32.05,4263686,136819134.29
BDL,EQ,1101.80,729165,804319136.60
BEL,EQ,387.40,10038178,3872554231.25
BHARATFORG,EQ,1880.00,1089594,2034223680.00
BPLPHARMA,EQ,1836.40,11347,20570212.70
BPCL,EQ,300.50,6314935,1876868140.95
BHARATRAS,EQ,998.30,16359,16305188.90
BRNL,EQ,16.03,17457,282137.42
BHARATSE,EQ,206.14,66668,13699804.42
BHARATWIRE,EQ,165.28,121132,20049103.83
BHARTIARTL,EQ,1810.50,5155150,9264511141.10
BHARTIHEXA,EQ,1386.80,308564,425274621.70
BIL,EQ,1092.85,27873,30084179.95
BHEL,EQ,452.00,22865195,10211323348.75
BIGBLOC,EQ,37.22,43526,1626015.44
BIKAJI,EQ,481.10,975537,470763950.75
GROWW,EQ,193.19,41408393,7970726778.65
BIMETAL,EQ,660.40,833,548528.15
BIOCON,EQ,369.10,4647884,1712749737.70
BIOFILCHEM,EQ,30.11,9125,273238.54
BIRLACABLE,EQ,395.45,459269,180103776.00
BIRLACORPN,EQ,803.45,186690,150502359.55
BIRLANU,EQ,1406.50,11841,16628411.00
ABGSEC,EQ,112.93,23,2600.44
ABSL10BANK,EQ,163.10,305,49766.26
ABSLBANETF,EQ,56.46,20864,1178229.24
ABSLLIQUID,EQ,999.99,5079,5078992.36
ABSLMSCIN,EQ,27.82,616,17196.49
ABSLNN50ET,EQ,75.28,9901,736062.41
BSLSENETFG,EQ,73.70,1987,146233.87
GSEC10ABSL,EQ,111.22,90,10009.80
HEALTHY,EQ,16.57,427669,7055655.65
MOMENTUM,EQ,30.25,61600,1854138.88
NIFTYQLITY,EQ,20.10,21574,430582.35
SILVER,EQ,220.17,561229,123103295.51
TECH,EQ,30.71,11112,341467.00
ABSLPSE,EQ,9.75,34740,337782.03
BSOFT,EQ,279.45,1297747,359206972.45
BBOX,EQ,839.95,1120325,928019706.45
BLACKROSE,EQ,107.65,44467,4823765.75
BLACKBUCK,EQ,596.00,487698,290477366.35
BLBLIMITED,EQ,16.09,95266,1526764.69
BLSE,EQ,160.90,285538,46284679.00
BLS,EQ,223.97,860041,190739611.18
BLUECLOUDS,EQ,20.01,1202785,23793232.85
BLUECOAST,EQ,22.04,337,7300.65
BLUEDART,EQ,4562.80,6431,29155783.00
BLUEJET,EQ,538.15,292965,157958028.85
BLUESTARCO,EQ,1571.50,867322,1354150374.60
BLUESTONE,EQ,813.85,651566,526425534.90
BLUSPRING,EQ,144.53,139531,20204373.96
BMWVENTLTD,EQ,50.37,53078,2666888.59
BNAGROCHEM,EQ,226.53,16699,3926976.41
BTML,EQ,6.86,286532,1992419.62
BOHRAIND,EQ,14.38,12632,175952.79
BBTC,EQ,1298.20,93576,121172012.40
BOMDYEING,EQ,102.91,430586,44279269.88
BSHSL,EQ,80.10,12928,1043436.33
BONLON,EQ,39.39,1362,54429.40
BORANA,EQ,269.60,27663,7479887.15
BOROLTD,EQ,286.85,212491,60529392.20
BORORENEW,EQ,449.85,201596,90580105.55
BOROSCI,EQ,113.27,61966,7034677.39
BOSCH-HCIL,EQ,1976.90,35164,70025577.50
BOSCHLTD,EQ,45000.00,21643,974657390.00
BPL,EQ,44.45,14695,657098.62
BRAHMINFRA,EQ,145.58,14504,2101954.97
FIRSTCRY,EQ,177.57,2105882,371928479.91
BCONCEPTS,EQ,146.88,16446,2401632.01
BRIGADE,EQ,569.10,151551,86406194.15
BRIGHOTEL,EQ,56.93,28827,1639697.33
BRIGHTBR,EQ,235.00,335,78941.10
BCG,EQ,9.07,4615868,41956785.83
BRITANNIA,EQ,4883.80,221171,1074479450.30
BROOKS,EQ,59.66,58724,3449324.01
BSE,EQ,3305.00,6869765,22508103918.60
BSL,EQ,119.76,981,117222.92
BUTTERFLY,EQ,543.25,20545,11221614.90
CGVAK,EQ,146.16,4859,700078.67
MAPMYINDIA,EQ,896.60,81899,72764929.95
CMLL,EQ,517.20,252471,128950827.00
CAMLINFINE,EQ,95.00,486254,45508764.89
CAMPUS,EQ,208.68,470823,97326532.96
CANFINHOME,EQ,734.75,197132,144318180.05
CANBK,EQ,117.82,10318285,1220907416.88
CANHLIFE,EQ,143.13,619392,87637385.17
CRAMC,EQ,224.88,243147,54431349.89
CANTABIL,EQ,229.84,111517,25333182.77
CAPACITE,EQ,184.51,977132,179274249.08
CAPILLARY,EQ,587.20,290150,167186108.00
CIFL,EQ,20.68,250479,5209255.81
CAPITALSFB,EQ,263.80,166208,44415857.40
CAPLIPOINT,EQ,2679.70,110962,293129214.70
CGCL,EQ,246.88,5242811,1292732798.48
CPL,EQ,62.12,14208,884837.23
CARBORUNIV,EQ,1269.60,377930,480910611.40
CARERATING,EQ,1588.20,38742,62206211.70
CPEDU,EQ,181.29,1895,342388.72
CARRARO,EQ,525.65,43978,23072313.65
CARTRADE,EQ,2911.70,121721,357502314.70
CARYSIL,EQ,1033.10,48672,50252886.90
CASTROLIND,EQ,200.20,1863669,372497718.44
CCL,EQ,1054.90,155651,163500682.40
CEATLTD,EQ,3328.70,28932,95809226.50
CEIGALL,EQ,376.20,179646,68249584.40
CEINSYS,EQ,718.45,501355,357320388.45
CELEBRITY,EQ,6.35,33165,211991.68
CELLO,EQ,369.15,20298731,7581937648.85
CEMPRO,EQ,1159.80,130790,151448414.90
CENTRALBK,EQ,30.19,3222967,97901777.52
CDSL,EQ,1263.40,896613,1129293134.20
CMPDI,EQ,210.06,798679,167622776.24
CENTRUM,EQ,19.80,253359,5029223.75
CENTUM,EQ,4451.00,81692,366541064.00
CENTENKA,EQ,566.60,51588,29085082.05
CENTEXT,EQ,17.88,121435,2178874.15
CENTURYPLY,EQ,679.85,100595,68461902.00
CERA,EQ,5122.50,2628,13418930.00
CESC,EQ,134.43,1795373,242277951.60
CGPOWER,EQ,912.00,2540774,2298167460.70
CHALET,EQ,818.20,83301,68743721.90
CLSEL,EQ,291.95,65438,19042361.40
CHAMBLFERT,EQ,404.80,225621,91038982.30
CHEMBOND,EQ,191.83,10041,1873487.03
CHEMCON,EQ,217.40,31102,6763156.92
CHEMCRUX,EQ,80.21,5013,398952.45
CHEMFAB,EQ,338.50,3982,1315464.15
CHEMPLASTS,EQ,210.24,1032680,214405436.42
CHENNPETRO,EQ,1405.70,949377,1334061706.50
CHEVIOT,EQ,1152.90,1698,1949887.40
CHOICEIN,EQ,727.15,857731,626443940.10
CHOICEGOLD,EQ,145.91,5127,744258.76
CHOLAHLDNG,EQ,1424.60,59351,84210481.60
CHOLAFIN,EQ,1611.00,949646,1528092228.40
CIEINDIA,EQ,379.00,95515,36069296.75
CINELINE,EQ,87.72,8115,709513.64
CINEVISTA,EQ,13.83,7751,105942.35
CIPLA,EQ,1340.20,575696,768959286.50
CUB,EQ,223.75,1326402,298493365.70
CLEDUCATE,EQ,53.98,27803,1505932.09
CLEANMAX,EQ,1392.50,465556,627879295.50
CLEAN,EQ,823.15,296158,243681303.05
CMRGREEN,EQ,226.63,243468,54827704.70
CMSINFO,EQ,220.35,335302,73649452.01
COALINDIA,EQ,411.65,5548430,2305501097.05
COASTCORP,EQ,36.18,24372,876598.63
COCHINSHIP,EQ,1282.00,860827,1102777911.10
COFFEEDAY,EQ,30.03,789744,23587711.39
COFORGE,EQ,1849.70,1921707,3530474570.40
COHANCE,EQ,457.00,492779,223079980.40
COLPAL,EQ,1809.40,557765,997761617.40
COMFINTE,EQ,6.23,123107,782640.56
COMSYN,EQ,263.00,267609,69863053.50
COMPEAU,EQ,358.10,172,62521.00
COMPUSOFT,EQ,12.90,13838,178934.37
CAMS,EQ,693.90,1051068,723124124.60
CONCORDBIO,EQ,1368.80,41856,56982835.60
CEWATER,EQ,260.65,18552,4811521.60
CONFIPET,EQ,86.67,1393957,120429585.31
CCCL,EQ,13.10,139257,1829312.80
CONCOR,EQ,445.85,929976,412937312.60
CONTROLPR,EQ,622.65,13088,8105365.95
CORALFINAC,EQ,31.18,279647,8937611.83
COROMANDEL,EQ,1788.30,149119,266776022.30
CORONA,EQ,2038.30,26077,52814978.30
COSMOFIRST,EQ,829.15,23753,19616223.65
CCHHL,EQ,12.81,4574,58654.86
CPCAP,EQ,154.53,462318,72919310.54
CPSEETF,EQ,89.94,489544,44137378.45
CRAFTSMAN,EQ,10348.00,24314,250821477.00
CRAVATEX,EQ,374.60,817,299234.30
CREATIVEYE,EQ,5.90,21039,123124.39
CNL,EQ,1070.00,16254,17383042.80
CREDITACC,EQ,1265.80,122326,155367203.60
MUFTI,EQ,69.61,58819,4087838.19
CREST,EQ,359.90,838,301020.95
CRISIL,EQ,4523.30,10499,47509073.70
CRIZAC,EQ,168.85,98903,16706967.51
CROMPTON,EQ,211.98,1180238,250314513.57
CROWN,EQ,112.38,3230,361021.72
CSBBANK,EQ,305.85,416690,128783347.90
CSLFINANCE,EQ,207.48,21357,4436386.56
CSM,EQ,92.86,44966,4189814.24
CUMMINSIND,EQ,4919.00,883370,4304944356.70
CUPID,EQ,324.20,24176893,7754355380.95
CYBERTECH,EQ,143.10,38204,5416479.03
CYIENTDLM,EQ,939.00,235010,222390706.80
CYIENT,EQ,1119.40,550341,613852337.90
DPWIRES,EQ,221.54,1732403,385495682.72
DLINKINDIA,EQ,419.95,37393,15570795.70
DPABHUSHAN,EQ,2174.00,530780,1089423574.40
DBCORP,EQ,173.57,80253,13863622.62
DABUR,EQ,388.90,2619919,1013985113.40
DALBHARAT,EQ,1682.60,25720,43273983.00
DALMIASUG,EQ,453.00,806757,365584787.55
DAMCAPITAL,EQ,152.51,402836,60884663.58
DANGEE,EQ,3.08,78767,236788.90
DATAPATTNS,EQ,4299.20,362558,1545998701.90
DATAMATICS,EQ,771.20,46833,36140491.00
DAVANGERE,EQ,2.27,6788229,15423774.86
DCI,EQ,343.05,139887,47604335.25
DCBBANK,EQ,200.78,1579458,312303923.86
DCMFINSERV,EQ,5.21,39463,202916.37
DCM,EQ,71.96,3606,260368.15
DCMSRIND,EQ,39.78,716375,28482940.76
DCMSIL,EQ,78.87,121166,9484828.17
DCMSHRIRAM,EQ,988.85,406997,405342900.70
DCW,EQ,46.37,1400823,64175623.83
DCXINDIA,EQ,160.23,156839,25060081.00
DDEVPLSTIK,EQ,249.79,93705,23242771.56
DENORA,EQ,729.10,5581,4113211.60
DECCANCE,EQ,556.85,7577,4222750.60
DECNGOLD,EQ,199.16,976493,189929926.81
DEEDEV,EQ,651.70,113545,73288604.95
DEEPINDS,EQ,748.95,205606,153582747.45
DEEPA,EQ,214.04,7733667,1619955691.66
DBEIL,EQ,6.52,1128176,7324220.22
DEEPAKFERT,EQ,1385.60,875190,1188659187.20
DEEPAKNTR,EQ,1560.60,279774,433264286.20
DELHIVERY,EQ,407.50,2099830,856199903.20
DELTACORP,EQ,84.34,61115839,5215023322.23
DELTAMAGNT,EQ,56.24,7038,400059.88
DEN,EQ,25.78,411483,10558082.57
DENTA,EQ,263.20,42500,11166735.80
DEVX,EQ,39.62,278350,11018551.29
DEVIT,EQ,21.36,42921,904997.77
DEVYANI,EQ,129.53,415065,53902253.96
DBOL,EQ,137.90,1202685,161443643.69
DHAMPURSUG,EQ,188.81,3999385,751995309.25
DHANBANK,EQ,28.83,8680349,248293110.14
DHANUKA,EQ,909.55,40985,37103076.15
DHARMAJ,EQ,266.55,53591,14320215.00
DHATRE,EQ,3.93,16483,65253.48
DHOOTTRANS,EQ,1474.10,1176554,1752965967.20
DHRUV,EQ,19.50,5649,111156.72
DHUNINV,EQ,966.90,275,266858.95
DVL,EQ,278.60,2212,613848.90
DIAMINESQ,EQ,244.54,32866,8119729.20
DICIND,EQ,619.20,1605,988050.00
DIFFNKG,EQ,454.10,279011,123895123.65
DGCONTENT,EQ,24.73,13336,333277.44
DIGIDRIVE,EQ,17.95,4048,72294.16
DIGISPICE,EQ,15.12,35098,534426.31
DIGITIDE,EQ,74.01,141105,10418189.98
DNAMEDIA,EQ,2.42,47647,115107.09
DBL,EQ,400.80,58056,23111648.75
DISAQ,EQ,11540.00,83,947483.00
DISHTV,EQ,2.12,892250,1886498.35
DCAL,EQ,153.57,171019,26327705.62
DIVGIITTS,EQ,1119.20,71946,80742948.00
DIVISLAB,EQ,9550.00,465106,4381050187.50
DIXON,EQ,13015.00,175676,2264910179.00
DJML,EQ,73.87,64590,4753063.66
DLF,EQ,666.10,3799738,2542600399.15
DMCC,EQ,355.80,2942524,1050418675.75
DODLA,EQ,1019.90,7697,7815452.20
DOLATALGO,EQ,62.46,111249,6979767.29
DOLLAR,EQ,278.55,68600,19094236.25
DOLLEX,EQ,36.92,21502,796141.80
DOLPHIN,EQ,643.35,103424,65987720.05
DOMS,EQ,2073.20,11709,24261707.10
DONEAR,EQ,80.39,4046,326675.07
AGARWALEYE,EQ,486.85,202172,97620562.00
DRAGARWQ,EQ,5195.00,1620,8472698.50
LALPATHLAB,EQ,1964.20,245709,487228984.30
DRREDDY,EQ,1208.00,1638100,1974290835.00
DRCSYSTEMS,EQ,12.92,47066,612713.64
DREAMFOLKS,EQ,60.66,65169,3974556.79
DREDGECORP,EQ,909.00,69081,62688758.35
KEEPLEARN,EQ,1.79,80648,148311.21
LIQUIDETF,EQ,1000.00,124477,124476965.70
BANK10ADD,EQ,16.32,2075431,33913231.81
BANKADD,EQ,56.35,34038,1914444.14
GOLDADD,EQ,14.29,16128252,229701118.69
ITADD,EQ,29.79,14482,431670.32
EQUAL50ADD,EQ,323.46,8527,2753070.29
NIFTYADD,EQ,239.92,52140,12491778.52
PSUBANKADD,EQ,80.60,65395,5276899.51
PVTBANKADD,EQ,27.55,3771917,103472580.19
MIDQ50ADD,EQ,23.83,38640,919028.71
SENSEXADD,EQ,75.35,2031,152761.54
SILVERADD,EQ,21.23,1153270,24422251.04
FLEXIADD,EQ,9.50,218189,2066023.25
FMCGADD,EQ,45.27,3874,174735.77
GSEC10ADD,EQ,26.50,2014,53371.00
HEALTHADD,EQ,16.25,82750,1343012.33
LIQUIDADD,EQ,1147.87,260081,298539196.51
MIDBANKADD,EQ,16.48,2417,39933.96
MIDCAPADD,EQ,22.21,102527,2255268.93
MSCIADD,EQ,28.03,421,11752.98
NEXT30ADD,EQ,40.29,1673,67367.36
NEXT50ADD,EQ,70.56,7545,531173.07
SMALLADD,EQ,17.98,16478,295553.22
TOP10ADD,EQ,83.84,1969278,164841551.66
DUCON,EQ,1.42,314932,447203.44
DWARKESH,EQ,46.86,6280361,292812263.01
DSSL,EQ,1013.05,34564,34667273.80
DYNAMATECH,EQ,14279.00,25746,366921828.00
DYCL,EQ,446.05,208326,92517796.00
DYNPRO,EQ,221.55,4792,1063058.94
EASTWEST,EQ,2.22,113939,256238.04
EASEMYTRIP,EQ,5.80,5918087,34263027.68
ECLERX,EQ,1917.20,184481,351305888.20
ECORECO,EQ,438.70,11679,5055367.50
ECOSMOBLTY,EQ,110.42,175431,19364582.52
BBETF0432,EQ,1336.14,698,933013.05
EBANK10,EQ,16.30,21,341.11
EBANKNIFTY,EQ,55.70,4682,260709.75
EBBETF0430,EQ,1607.48,13199,21219329.97
EBBETF0431,EQ,1427.32,13373,19090809.81
EBBETF0433,EQ,1301.26,2861,3720252.26
ECAPINSURE,EQ,23.35,65357,1508398.64
EGOLD,EQ,147.05,444585,65366769.25
ELIQUID,EQ,1050.67,68894,72385541.02
ELM250,EQ,15.80,31418,494729.97
ELMDIV,EQ,34.49,335,11520.45
EMETAL,EQ,12.57,12129,152696.09
EMULTIMQ,EQ,40.56,18853,763707.99
ENEXT50,EQ,69.92,595,41565.31
ENIFTY,EQ,23.02,2412,55319.42
ESENSEX,EQ,73.64,876,64154.91
ESILVER,EQ,220.35,41159,9031273.99
EDELWEISS,EQ,135.53,2547963,345966054.94
EFCIL,EQ,170.10,480175,81192607.00
EICHERMOT,EQ,7051.00,233372,1642288854.00
EIDPARRY,EQ,699.20,314300,220627966.65
EIHAHOTELS,EQ,297.80,10394,3084118.05
EIHOTEL,EQ,300.70,96830,29030034.20
EIMCOELECO,EQ,2371.80,81588,191747988.80
ELANTAS,EQ,13937.00,6923,96257982.00
ELCIDIN,EQ,102975.00,10,1007090.00
ELDEHSG,EQ,785.20,41,31950.80
ELECON,EQ,446.30,307847,136720971.50
EMIL,EQ,201.42,6266534,1285227038.27
ELECTCAST,EQ,78.97,7872274,624467363.10
ELECTHERM,EQ,735.25,57868,42542879.90
ELEVATE,EQ,337.75,2160676,723254190.30
ELGIEQUIP,EQ,599.25,316791,188493551.35
ELGIRUBCO,EQ,55.97,256656,14659515.32
ELIN,EQ,78.84,120244,9506643.91
ELITECON,EQ,7.24,8019054,58350459.40
ELLEN,EQ,348.20,694949,238022638.35
ELPROINTL,EQ,174.39,1613,280406.19
EMAMILTD,EQ,384.00,2900756,1102631813.60
EMAMIREAL,EQ,68.43,5789,394867.09
EMBDL,EQ,57.33,1258961,72481038.76
EMCURE,EQ,1922.40,379767,723823029.00
EMKAY,EQ,285.60,16864,4802407.55
EMMBI,EQ,88.15,7258,630569.98
EMMVEE,EQ,296.50,1073102,318533169.30
EMPIND,EQ,1040.00,9488,9877964.40
EMPOWER,EQ,1.68,30334293,51219698.63
EMSLIMITED,EQ,334.25,112594,37544796.55
EMUDHRA,EQ,607.90,267269,160887079.50
ENDURANCE,EQ,2516.00,75266,190572490.80
ENERGYDEV,EQ,14.36,7848,113409.20
ENGINERSIN,EQ,313.30,5178995,1629721748.15
ENKEIWHEL,EQ,386.60,3389,1314441.30
ENTERO,EQ,1721.60,63943,108972356.00
ENIL,EQ,92.24,4896,450959.01
EIEL,EQ,185.54,1234338,228232851.24
EPACK,EQ,173.75,300391,51536863.47
EPACKPEB,EQ,247.82,361765,90105991.43
EPIGRAL,EQ,1036.20,67127,69757024.50
EPL,EQ,237.23,1423426,335622631.93
EQUITASBNK,EQ,67.96,626333,42921555.41
ERIS,EQ,1184.70,47481,56430471.60
ESABINDIA,EQ,5608.00,2318,12940505.50
ESCORTS,EQ,2811.70,106436,301535996.30
ESDS,EQ,1294.30,151322,195856064.60
ESSARSHPNG,EQ,16.72,385151,6572863.85
ESTER,EQ,93.87,127496,12140659.62
ETERNAL,EQ,329.00,27075757,8820628653.20
ETHOSLTD,EQ,2621.20,112877,297104443.00
EUREKAFORB,EQ,353.80,129684,45505357.50
EUROBOND,EQ,143.40,6632,953660.07
EUROPRATIK,EQ,180.02,241612,43773644.59
EUROTEXIND,EQ,16.33,35577,594343.97
EVEREADY,EQ,320.10,58694,18768299.20
EVERESTIND,EQ,515.95,52175,26273726.40
EKC,EQ,106.54,114189,12108914.10
EXCELINDUS,EQ,924.10,6357,5858283.05
EXCELSOFT,EQ,82.10,419250,34341460.44
EXICOM,EQ,156.17,535223,82995399.05
EXIDEIND,EQ,405.75,1097415,446489050.00
EXPLEOSOL,EQ,878.85,18786,16516150.60
EXXARO,EQ,6.14,765535,4871155.06
FABTECH,EQ,141.04,40571,5721185.89
FACT,EQ,759.00,131471,98670995.95
FAIRCHEMOR,EQ,679.30,131897,90613603.50
FAZE3Q,EQ,445.75,35186,15488243.60
FCSSOFT,EQ,1.41,2086137,2915049.63
FDC,EQ,333.65,113050,37812139.70
FEDFINA,EQ,150.72,530026,80028871.49
FEDDERSHOL,EQ,64.25,46653683,3206260260.96
FEDERALBNK,EQ,320.00,4338051,1399191964.20
FMGOETZE,EQ,448.50,84880,37959513.30
FERMENTA,EQ,569.45,672393,384220426.35
FIBERWEB,EQ,26.47,11945,310708.58
FIEMIND,EQ,1779.50,45396,80902177.30
FILATFASH,EQ,0.18,14862657,2729586.25
FILATEX,EQ,111.36,4466335,488791663.86
FINEORG,EQ,5537.00,79818,435222304.50
FCL,EQ,59.20,41395324,2418689039.13
FINKURVE,EQ,69.31,7535,522278.77
FINOPB,EQ,128.29,71195,9145671.86
FINCABLES,EQ,1474.00,537623,790140917.70
FINPIPE,EQ,154.72,489277,74819699.44
FSL,EQ,260.25,666701,172903101.65
FISCHER,EQ,33.14,169925,5617042.87
FIVESTAR,EQ,514.35,567661,293864081.10
FLAIR,EQ,227.84,34809,7892137.07
FOCUS,EQ,55.95,16468,925089.81
FOODSIN,EQ,50.78,110532,5553966.81
FORCEMOT,EQ,17110.00,65477,1108615456.00
FORTIS,EQ,764.00,1246982,950029525.25
FOSECOIND,EQ,6440.00,10288,65999148.50
FRACTAL,EQ,742.15,447908,327499813.40
FREDUN,EQ,1406.70,82965,116005522.80
FRONTSP,EQ,1392.50,12486,17440321.80
NYKAA,EQ,338.20,3554565,1211746639.05
UTLSOLAR,EQ,418.85,164223,68830290.20
FUSION,EQ,169.00,263346,44830067.78
FMNL,EQ,7.96,45775,364965.83
GMBREW,EQ,981.35,66739,64802407.05
GRINFRA,EQ,815.00,19600,15780052.20
GTECJAINX,EQ,36.19,60594,2325955.02
GABRIEL,EQ,1352.90,205619,275680532.60
GAIL,EQ,172.08,6945149,1182454418.27
GAJA,EQ,141.71,724573,101667260.85
GALAPREC,EQ,1161.00,11857,13752341.10
GALAXYSURF,EQ,2442.40,99858,241946517.90
GALLANTT,EQ,530.05,65236,34760370.40
GANDHAR,EQ,282.50,417903,117705864.15
GANDHITUBE,EQ,981.50,6439,6314147.75
GANESHCP,EQ,145.47,220535,32296102.35
GANESHHOU,EQ,713.65,24071,17183575.55
GANECOS,EQ,990.10,31822,31399084.60
GANGAFORGE,EQ,1.52,2034924,3091231.90
GANGESSECU,EQ,115.82,3461,401271.55
GRSE,EQ,2137.30,287612,612652801.80
GARUDA,EQ,173.36,197928,34213412.07
GRWRHITECH,EQ,7102.50,91391,639729351.50
GARFIBRES,EQ,770.05,33904,25925567.35
GATEWAY,EQ,50.91,1670348,85665652.14
GAUDIUMIVF,EQ,109.28,320982,34493837.21
GAYAHWS,EQ,1.78,130336,227876.72
GAYAPROJ,EQ,21.46,696467,14811494.21
GVPIL,EQ,734.85,421992,305424573.95
GVT&D,EQ,4245.10,614818,2615170776.20
GEECEE,EQ,369.60,1547,575672.25
GEEKAYWIRE,EQ,32.72,260564,8569412.26
GEMAROMA,EQ,152.23,69256,10510096.45
GICRE,EQ,314.25,745898,235815159.95
GENCON,EQ,37.78,862741,33037766.54
GENESYS,EQ,301.05,941604,279264977.20
GENUSPAPER,EQ,10.57,63755,677019.78
GENUSPOWER,EQ,307.20,3898293,1171299589.35
GEOJITFSL,EQ,78.68,287810,22462817.15
GERMAN,EQ,118.12,4202220,516440440.04
GFLLIMITED,EQ,55.86,41479,2308594.99
GHCL,EQ,408.85,104349,42373511.70
GHCLTEXTIL,EQ,131.58,280004,36558573.11
GICHSGFIN,EQ,134.48,150050,20026128.77
GILLANDERS,EQ,111.77,16537,1872651.69
GILLETTE,EQ,7057.00,17258,121351447.00
GKENERGY,EQ,114.45,291340,33205467.04
GKB,EQ,61.76,8922,544497.77
GKWLIMITED,EQ,1545.40,6435,9973873.80
GLAND,EQ,3006.10,373873,1116254343.30
GLASSWALL,EQ,275.75,9294421,2498444051.85
GLAXO,EQ,2755.00,39214,107159716.40
GLENMARK,EQ,2311.00,493823,1133330062.10
GLOBAL,EQ,142.62,209802,30075631.94
MEDANTA,EQ,1300.80,378275,492557592.90
GSLSU,EQ,28.89,37399,1079203.69
GLOBALVECT,EQ,130.77,6016,788521.51
GLOBALE,EQ,10.65,2796,29610.76
GLOBECIVIL,EQ,42.29,22554,956481.35
GLOBE,EQ,2.08,449279,931556.03
GLOBUSSPR,EQ,812.70,73168,59054223.40
GLOSTERLTD,EQ,551.60,619,341519.60
GLOTTIS,EQ,58.34,37743,2190280.26
GMMPFAUDLR,EQ,1425.70,228112,326586512.40
GMRAIRPORT,EQ,93.06,13287023,1238861745.45
GMRP&UI,EQ,102.23,2198701,227583331.44
GNA,EQ,615.80,895341,539498133.85
EBGNG,EQ,685.15,783243,534921539.70
GODIGIT,EQ,258.60,123612,31934014.35
GOCOLORS,EQ,306.45,123956,37850145.30
GOACARBON,EQ,414.65,28864,11928041.30
GOCLCORP,EQ,372.45,141669,51791692.35
GODAVARIB,EQ,228.57,54485,12436970.91
GPIL,EQ,218.98,2728607,592207363.45
GODFRYPHLP,EQ,1900.00,146492,276582590.10
GODREJAGRO,EQ,648.10,172003,110766543.85
GODREJCP,EQ,872.50,1398890,1199572394.65
GODREJIND,EQ,1045.00,42487,44058850.70
GODREJPROP,EQ,1610.00,371383,596892323.90
GOKEX,EQ,682.75,364832,248942990.80
GOKULAGRO,EQ,210.95,274499,57679420.62
GOKUL,EQ,38.78,172634,6668695.59
GOLDIAM,EQ,317.50,319497,101146981.20
GOODLUCK,EQ,491.30,222669,109337739.95
GOODYEAR,EQ,685.95,5035,3456684.75
GOPAL,EQ,255.85,82025,20979989.45
GOYALALUM,EQ,5.91,34113,202172.27
GPTHEALTH,EQ,148.01,50028,7423619.09
GPTINFRA,EQ,121.62,148536,18055054.40
GRANDOAK,EQ,36.17,1916,68929.53
GRANULES,EQ,836.40,518092,431359393.75
GRAPHITE,EQ,851.20,2456818,2079085632.60
GRASIM,EQ,2969.00,359655,1064409028.50
GRAUWEIL,EQ,82.32,239964,19815131.81
GRAVITA,EQ,1500.90,796225,1194891999.10
GREAVESCOT,EQ,222.78,1018671,227574133.10
GREENLAM,EQ,212.02,52267,11085676.38
GREENPANEL,EQ,159.92,281448,44956566.67
GREENPLY,EQ,315.30,196749,61382004.25
GCSL,EQ,693.05,225480,156207388.80
GRINDWELL,EQ,2033.10,40139,81294472.90
GRMOVER,EQ,79.04,1056604,83582948.53
CEMNTGROWW,EQ,13.64,60769,827585.26
GROWWCAPM,EQ,11.15,853914,9426622.75
GROWWCHEM,EQ,28.53,9548,271078.34
GROWWDEFNC,EQ,93.91,193774,17986839.28
GROWWEV,EQ,30.33,202152,6108766.42
GROWWGOLD,EQ,14.35,2322289,33201505.66
GROWWHOSPI,EQ,46.66,464735,21599163.08
GROWWLIQID,EQ,111.03,91752,10187757.91
GROWWLOVOL,EQ,9.89,7534,73912.03
GROWWMC150,EQ,220.90,1058,233121.70
GROWWMETAL,EQ,11.97,150772,1812705.75
GROWWMOM50,EQ,10.72,68984,737339.44
GROWWN200,EQ,10.76,20480,219538.36
GROWWNET,EQ,10.26,549310,5578623.88
GROWWNIFTY,EQ,9.22,468342,4303590.35
GROWWNXT50,EQ,70.73,4191,295229.51
GROWWPOWER,EQ,11.01,1358202,14914002.05
GROWWPSE,EQ,94.50,1453,136939.75
GROWWPSUBK,EQ,80.43,3904,313330.04
GROWWRAIL,EQ,26.05,357632,9346643.38
GROWWRLTY,EQ,9.45,219880,2069214.00
GROWWSC250,EQ,10.38,191013,1974837.54
GROWWSLVR,EQ,21.59,958820,20601513.01
PVTBKGROWW,EQ,27.06,7888,213683.04
SMALLGROWW,EQ,48.29,8501,408618.14
GRPLTD,EQ,1853.00,754,1405774.40
GSPCROP,EQ,476.65,250131,116270367.95
GSS,EQ,10.13,14564,149667.28
GTLINFRA,EQ,1.09,24823552,26660750.70
GTL,EQ,6.86,222012,1517005.70
GTPL,EQ,54.68,16120,883354.54
GUFICBIO,EQ,427.80,68074,28906260.35
GIPCL,EQ,174.06,420544,73658650.48
GNFC,EQ,629.50,2291498,1407937616.25
GSFC,EQ,153.47,963097,145896700.24
GUJAPOLLO,EQ,346.70,12346,4245012.50
GUJALKALI,EQ,613.10,44900,27438609.50
GAEL,EQ,162.81,557617,90142809.63
GUJENERGY,EQ,229.97,4815989,1109863476.65
FLUOROCHEM,EQ,4577.20,181004,829632013.10
GKSL,EQ,193.62,2244596,430679434.73
GLFL,EQ,5.39,1038,5431.19
GMDCLTD,EQ,491.55,816501,402301405.85
GNRL,EQ,98.79,162237,15791586.56
GPPL,EQ,168.21,1125256,189515386.36
GUJRAFFIA,EQ,41.86,5526,227920.12
GUJTHEM,EQ,390.00,224486,85989332.05
GULFOILLUB,EQ,1087.90,22705,24635782.20
GULPOLY,EQ,167.92,117697,19462654.68
GYFTR,EQ,169.30,1294182,217571019.11
HBESD,EQ,75.03,180036,14860614.05
HGINFRA,EQ,417.20,470243,193834585.45
HALDER,EQ,263.84,2684,703166.63
HALDYNGL,EQ,142.27,43552,6192657.44
HALEOSLABS,EQ,1587.80,782,1236393.40
HAMPTON,EQ,8.09,3587,28762.17
HGM,EQ,39.28,4397,174360.99
HAPPSTMNDS,EQ,303.35,276347,83953219.65
HAPPYFORGE,EQ,1989.40,185386,367034839.80
HARDWYN,EQ,9.22,826036,7719607.97
HARIOMPIPE,EQ,336.50,78836,26277918.90
HRYNSHP,EQ,95.90,296,28517.55
HARRMALAYA,EQ,175.08,8051,1405592.97
HARSHA,EQ,464.65,78390,36379061.30
HATHWAY,EQ,9.80,2497478,24077968.99
HATSUN,EQ,1150.00,24484,28307945.90
HAVELLS,EQ,1057.00,946495,992790523.90
HAWKINCOOK,EQ,8009.50,831,6660763.00
HAZOOR,EQ,18.00,2456480,43792466.17
HBPOR,EQ,59.27,196,11630.80
HBSL,EQ,57.91,4061,232262.59
HBLENGINE,EQ,764.30,620183,474334861.25
HCL-INSYS,EQ,10.15,148330,1498966.27
HCLTECH,EQ,1204.40,2002132,2394941952.10
HDBFS,EQ,616.75,943452,582815587.20
HDFCAMC,EQ,2352.40,885381,2085869162.20
HDFCBANK,EQ,711.45,26568270,18851409176.50
HDFCGOLD,EQ,125.61,3814587,478230023.71
HDFCLIFE,EQ,543.95,8334621,4537278533.40
HDFCBSE500,EQ,35.71,1003242,35786585.67
HDFCGROWTH,EQ,109.72,15007,1644673.36
HDFCLIQUID,EQ,1080.91,46756,50538875.82
HDFCLOWVOL,EQ,19.35,1418,27351.19
HDFCMID150,EQ,22.20,272593,6047828.84
HDFCMOMENT,EQ,30.13,173732,5222823.45
HDFCNEXT50,EQ,71.54,79683,5682075.54
HDFCNIF100,EQ,24.62,31920,784436.27
HDFCNIFBAN,EQ,56.61,80567,4560946.67
HDFCNIFIT,EQ,29.94,118523,3554094.98
HDFCNIFTY,EQ,256.42,1368678,350250365.81
HDFCNIMEG,EQ,125.71,100633,12658171.85
HDFCPVTBAN,EQ,27.57,168807,4656480.15
HDFCQUAL,EQ,55.45,3447,190315.19
HDFCSENSEX,EQ,82.75,41455,3426088.02
HDFCSILVER,EQ,210.63,2776923,582044096.39
HDFCSML250,EQ,180.96,4177041,752915625.66
HDFCVALUE,EQ,118.58,12239,1454694.26
HDFCPSUBK,EQ,80.82,28643,2319341.38
HEADSUP,EQ,6.52,3719,24125.39
HEALTHX,EQ,284.95,7721,2191833.20
HCG,EQ,680.55,115342,77159568.40
HECPROJECT,EQ,112.79,3866,438469.34
HEGAM,EQ,252.21,4802303,1203665562.85
HEIDELBERG,EQ,127.78,275926,35374837.04
HEMIPROP,EQ,113.53,195940,22142930.05
HERANBA,EQ,169.00,30617,5217109.71
HERITGFOOD,EQ,406.10,271576,109229951.65
HEROMOTOCO,EQ,5075.00,388296,1969898147.50
HEROMOTORS,EQ,167.52,52806263,8780640537.91
HESTERBIO,EQ,2174.10,4424,9510023.30
HEXATRADEX,EQ,155.85,2219,343626.46
HEXT,EQ,500.30,99472,49610134.80
HITECH,EQ,74.68,6307495,466424610.21
HILINFRA,EQ,45.36,145388,6537581.04
HIKAL,EQ,226.43,608833,134985030.34
HILTON,EQ,16.75,54257,915545.25
HSCL,EQ,668.55,1016587,676885656.50
HIMATSEIDE,EQ,65.36,356115,23206461.36
HINDALUMI,EQ,90.32,2250,204398.89
HINDALCO,EQ,940.50,2991457,2811023560.50
HPIL,EQ,116.49,486,56552.90
HGS,EQ,361.40,13171,4772498.40
HINDADH,EQ,384.35,1531,590189.35
HAL,EQ,4816.00,935720,4476119964.10
HINDCOMPOS,EQ,401.45,13778,5530989.95
HCC,EQ,20.26,11477346,232772427.40
HINDCOPPER,EQ,485.50,3645773,1764344810.75
HNDFDS,EQ,584.75,68825,40167970.75
HINDOILEXP,EQ,166.35,254603,42356360.86
HINDPETRO,EQ,351.00,3973902,1382547534.30
HINDUNILVR,EQ,1895.20,1576062,2958465693.90
HINDZINC,EQ,557.65,2198787,1234343487.35
HINDWAREAP,EQ,170.75,59957,10209915.77
HIRECT,EQ,1146.80,46766,52958445.70
HISARMETAL,EQ,145.30,242,35413.61
POWERINDIA,EQ,31640.00,73665,2338587555.00
HLEGLAS,EQ,447.10,134283,59315920.35
HLVLTD,EQ,6.13,199838,1238357.52
HMAAGRO,EQ,24.56,2144577,51885892.41
HOMEFIRST,EQ,1111.50,212389,234811333.40
HONASA,EQ,478.30,24467750,11694656575.85
HONDAPOWER,EQ,1885.90,2399,4521566.90
HONAUT,EQ,33780.00,2116,71409525.00
HORIZONIND,EQ,49.20,6215607,308294824.57
HPAL,EQ,34.37,43421,1478811.49
HPL,EQ,272.70,119882,32453410.70
HSBCGOLD,EQ,128.02,1507,192122.59
HUDCO,EQ,161.04,9805265,1557807480.21
HTMEDIA,EQ,22.99,46073,1052597.29
HUBTOWN,EQ,170.00,598209,102029609.06
HUHTAMAKI,EQ,233.45,48214,11187902.26
HTEL,EQ,73.81,1595964,117957222.20
HYBRIDFIN,EQ,17.56,4344,75268.14
HYUNDAI,EQ,1989.00,432970,861227429.50
IGPL,EQ,589.50,175561,103176145.15
ISTLTD,EQ,637.20,871,552892.75
ICEMAKE,EQ,631.20,11370,7180547.25
ICICIBANK,EQ,1342.80,12201451,16319298114.70
ICICIGI,EQ,1598.30,333763,532161742.10
LOWVOLIETF,EQ,20.69,1227270,25464944.20
ICICIPRULI,EQ,459.50,595212,272547233.00
MIDSELIETF,EQ,18.67,193871,3606530.58
NIF100IETF,EQ,26.65,76633,2038325.81
NIFTYIETF,EQ,257.79,448807,115506435.01
SENSEXIETF,EQ,838.12,7563,6330152.98
ICICIAMC,EQ,3071.50,275856,844475197.60
GOLDIETF,EQ,125.85,4880737,611841775.25
NV20IETF,EQ,12.85,263032,3384075.32
ICICIB22,EQ,110.00,803316,88293148.88
CASHIETF,EQ,1082.55,683722,740161280.26
EVIETF,EQ,30.28,225495,6816872.54
GSEC10IETF,EQ,259.19,4361,1137909.82
BSE500IETF,EQ,37.62,128912,4834281.61
GSEC5IETF,EQ,65.64,20748,1366022.29
ALPL30IETF,EQ,25.98,194319,5042368.16
AUTOIETF,EQ,26.47,383237,10130601.72
PVTBANIETF,EQ,27.41,2172810,59618947.14
COMMOIETF,EQ,93.92,229895,21593489.74
CONSUMIETF,EQ,114.90,5551,635382.73
FMCGIETF,EQ,48.39,707110,34044691.01
INFRAIETF,EQ,90.52,48309,4355410.05
LIQUIDIETF,EQ,999.99,209100,209099934.07
MIDCAPIETF,EQ,22.73,549270,12463993.32
MOM30IETF,EQ,30.47,552255,16793780.83
NEXT50IETF,EQ,74.04,412683,30430586.25
HEALTHIETF,EQ,165.45,104323,17119125.78
QUAL30IETF,EQ,19.83,183674,3625607.56
SILVERIETF,EQ,219.99,3092376,677070768.16
ITIETF,EQ,31.22,233795,7298222.68
INSUREIETF,EQ,14.72,1433175,20969780.24
BANKIETF,EQ,56.48,664234,37561967.36
METALIETF,EQ,12.63,4178947,52918411.98
OILIETF,EQ,10.82,590598,6365092.01
PSUBNKIETF,EQ,81.24,35723,2903191.22
SMALLIETF,EQ,18.01,36414,650850.79
TOP15IETF,EQ,9.30,46067,424885.81
VAL30IETF,EQ,14.34,105011,1507835.27
FINIETF,EQ,30.43,243361,7390576.12
ICRA,EQ,4356.70,20311,88418384.70
IDBI,EQ,87.01,7936021,685304574.87
IDEAFORGE,EQ,723.40,229168,163606571.85
IDFCFIRSTB,EQ,81.56,29054579,2347283367.46
IFBAGRO,EQ,874.15,1401,1224864.70
IFBIND,EQ,1212.30,18184,21848535.30
IFCI,EQ,65.51,29555126,1933675506.28
IFGLEXPOR,EQ,180.65,34436,6281985.19
IGARASHI,EQ,401.40,187399,76083083.90
IIFLCAPS,EQ,345.15,154566,53321197.65
IIFL,EQ,601.70,1097013,656140922.20
IKIO,EQ,195.87,80513,15655179.33
IVC,EQ,8.00,161487,1291857.87
IMAGICAA,EQ,49.92,435420,21698693.04
INCREDIBLE,EQ,31.42,754,24007.93
IMPAL,EQ,1036.50,725,749365.20
INDSWFTLAB,EQ,400.45,369560,145626961.35
INDTERRAIN,EQ,29.22,16070,468907.59
INDBANK,EQ,25.23,35543,896377.27
BAJAJINDEF,EQ,207.21,9974,2057075.13
INDGN,EQ,596.30,133215,79189770.95
INDIAGLYCO,EQ,318.95,613990,195215976.50
INDNIPPON,EQ,1241.70,24214,29724558.60
IPL,EQ,132.60,220828,28835427.77
INDIASHLTR,EQ,636.35,37403,23948230.15
ITDC,EQ,675.25,74057,49758144.75
IBULLSLTD,EQ,30.95,18672512,571998691.94
INDIAMART,EQ,1592.90,41629,66456212.30
INDIANB,EQ,813.00,888598,721558512.75
INDIANCARD,EQ,187.86,216,40152.27
IEX,EQ,104.86,2589786,271951735.89
INDIANHUME,EQ,341.20,40380,13670489.65
IMFA,EQ,1190.60,78676,93250129.60
IOC,EQ,131.60,6515655,851311640.43
IOB,EQ,31.46,2269424,70900312.18
IRCTC,EQ,454.80,718299,326987634.15
IRFC,EQ,77.10,6659066,514644168.82
IREDA,EQ,109.00,3014460,329643905.42
IWP,EQ,37.38,16737,625845.18
INDIGOPNTS,EQ,1062.40,40882,42926287.40
INDIQUBE,EQ,197.32,13399,2641933.03
INDOAMIN,EQ,161.16,8043089,1294851828.91
INDOBORAX,EQ,491.75,194721,94892599.80
ICIL,EQ,473.15,981220,461614429.60
INDOFARM,EQ,134.32,165385,22103255.22
INDORAMA,EQ,95.10,603328,57020080.45
INDOTECH,EQ,3352.80,22557,75383444.20
INDOTHAI,EQ,38.78,552471,21186895.01
INDOUS,EQ,75.53,6111,464811.77
INDOMIM,EQ,1350.20,953041,1273521875.20
NIPPOBATRY,EQ,319.45,388,123740.60
INDOCO,EQ,247.15,168290,41585774.10
IGCL,EQ,57.36,412022,22644295.83
INDOKEM,EQ,596.85,3482,2085112.20
WAAREEINDO,EQ,208.05,85113,17635584.86
INDOSTAR,EQ,199.55,161211,32616501.57
INDOWIND,EQ,8.56,85003,735409.64
IGL,EQ,141.38,1219033,172253636.14
INDRAMEDCO,EQ,335.15,209881,70072123.65
INDUSTOWER,EQ,389.10,5484978,2137135226.35
INDUSINDBK,EQ,906.10,2405486,2167648030.75
INDPRUD,EQ,6299.50,227,1395674.50
IITL,EQ,132.25,100782,13204716.14
NAUKRI,EQ,1241.00,1622862,1977534362.70
INFOBEAN,EQ,149.46,116776,17378822.89
INFOMEDIA,EQ,5.21,10232,53126.55
INFY,EQ,1013.85,8252213,8325028589.50
INGERRAND,EQ,4130.80,5472,22678768.80
INNOVACAP,EQ,1141.80,71879,82013255.20
INNOVANA,EQ,294.85,22993,6801636.85
INNOVISION,EQ,256.50,7240,1843421.80
INOXGREEN,EQ,146.59,2572640,379375663.86
INOXINDIA,EQ,2077.30,331952,698259794.40
INOXWIND,EQ,68.70,10428766,720934940.34
INSECTICID,EQ,584.15,7785,4527938.65
INA,EQ,83.81,478784,40268671.40
INSPIRISYS,EQ,83.76,1388,115702.85
ESSENTIA,EQ,1.01,646672,657860.46
INTELLECT,EQ,601.40,288653,173295267.90
INTENTECH,EQ,84.10,94403,7698489.97
INTERARCH,EQ,1685.60,57491,96997466.50
INDIGO,EQ,5050.50,613781,3072454039.60
INTLCONV,EQ,80.02,19239,1543886.87
IGIL,EQ,319.60,436001,138333115.15
INVENTURE,EQ,0.85,472880,404072.08
IKS,EQ,1761.00,66106,116365302.10
IVZINGOLD,EQ,128.20,126913,16212547.50
IVZINNIFTY,EQ,261.31,127,33121.20
IOLCP,EQ,214.90,3889322,827085243.96
IONEXCHANG,EQ,409.20,113442,46237971.85
IPRINGLTD,EQ,143.67,834,119142.08
IPCALAB,EQ,1945.50,271603,527419831.80
IRB,EQ,17.84,14815112,260200250.52
IRCON,EQ,107.86,2577615,278600078.37
IRISDOREME,EQ,58.45,130667,7703510.94
IRIS,EQ,221.57,18132,4001266.94
IRMENERGY,EQ,262.10,37776,9869745.05
ISGEC,EQ,905.00,52570,47479442.35
ISHANCH,EQ,47.92,10450,498819.46
ITCHOTELS,EQ,160.21,1237693,197519746.72
ITC,EQ,266.70,22132738,5885344327.50
ITI,EQ,247.84,567023,140835724.56
ITL,EQ,366.75,1583,571465.65
IVALUE,EQ,229.45,93436,21420975.29
IZMO,EQ,864.30,43464,37609156.80
J&KBANK,EQ,139.50,1505658,211409381.21
JGCHEM,EQ,665.45,750821,487296661.00
JAGRAN,EQ,61.72,99565,6153170.47
JAGSNPHARM,EQ,233.63,58557,13656322.37
JAIBALAJI,EQ,64.17,469887,29951075.96
JAICORPLTD,EQ,90.17,301894,27081459.73
JISLDVREQS,EQ,18.96,7394,140300.25
JISLJALEQS,EQ,26.65,1608630,43078569.05
JAINREC,EQ,290.15,439000,127728093.70
JPPOWER,EQ,15.00,30812762,464829615.85
JAMNAAUTO,EQ,144.21,6124884,874306521.32
JSFB,EQ,499.85,340187,170104206.55
JARO,EQ,413.85,112093,46081551.05
JASH,EQ,594.95,176581,104705897.50
JAYBARMARU,EQ,134.37,809825,106813182.70
JAYAGROGN,EQ,219.16,7595,1651223.23
JAYNECOIND,EQ,94.45,3108994,290147068.79
JAYKAY,EQ,240.02,6303237,1488085661.46
JAYSREETEA,EQ,85.74,24644,2102799.80
JBMA,EQ,555.65,252185,139606450.75
JSLL,EQ,441.25,742814,331873650.75
JENBURPH,EQ,905.55,1456,1314038.00
JETFREIGHT,EQ,19.80,104313,2072327.25
JPOLYINVST,EQ,923.90,2637,2405037.50
JINDRILL,EQ,590.70,94159,55542291.85
JINDALPHOT,EQ,1024.80,1695,1729324.30
JINDALPOLY,EQ,658.35,13687,8978437.10
JINDALSAW,EQ,282.40,1056608,295559352.80
JSL,EQ,750.95,476717,358924675.25
JINDALSTEL,EQ,1085.90,4442649,4760417501.60
JINDWORLD,EQ,45.39,1298991,59047763.71
JKIPL,EQ,95.52,4014,385793.30
JIOFIN,EQ,217.90,16691895,3620496833.77
NIFTYJBLK,EQ,11.65,74343,866510.69
JITFINFRA,EQ,275.10,9775,2652060.10
JKCEMENT,EQ,4960.00,9886,49135265.00
JKLAKSHMI,EQ,478.45,114155,54656374.25
JKPAPER,EQ,393.45,307769,121368367.60
JKTYRE,EQ,339.35,354281,120354079.20
JKIL,EQ,448.30,52805,23680780.45
JMFINANCIL,EQ,124.00,1300787,161668782.03
JNKINDIA,EQ,440.95,59918,26333765.40
JOCIL,EQ,148.47,937,138054.20
COCKERILL,EQ,7978.50,2569,20402086.00
JSWCEMENT,EQ,113.20,1257168,141379158.58
JSWDULUX,EQ,3004.80,17773,53162813.10
JSWENERGY,EQ,494.90,3951551,1968475452.20
JSWHL,EQ,11313.00,2550,28869098.00
JSWINFRA,EQ,363.05,2318315,841037041.60
JSWSTEEL,EQ,1259.60,1326118,1662697686.00
JTEKTINDIA,EQ,115.38,65534,7523290.62
JTLIND,EQ,84.53,3609155,304347783.93
JUBLCPL,EQ,2003.50,4932,9977851.90
JUBLFOOD,EQ,449.75,1587592,725613552.10
JUBLINGREA,EQ,644.25,188089,121022854.80
JUBLPHARMA,EQ,989.20,174777,172259449.20
JMA,EQ,86.92,8435,734901.11
JNPR,EQ,280.60,766346,213403101.05
JUNIPER,EQ,218.36,110549,24079748.63
JLHL,EQ,253.85,46251,11725744.85
JWL,EQ,224.64,775749,174332586.74
JUSTDIAL,EQ,658.95,52473,34340626.10
JYOTHYLAB,EQ,183.32,128353,23444619.68
JYOTICNC,EQ,1073.10,557011,591302599.90
JYOTIRES,EQ,849.60,4245,3562813.35
JYOTISTRUC,EQ,8.94,3309242,29351901.77
KJMCFIN,EQ,59.03,737,43507.26
KMCSHIL,EQ,170.36,346101,58239957.68
KPEL,EQ,215.47,207525,44503444.56
KAJARIACER,EQ,1213.80,388375,469925549.20
KAKATCEM,EQ,105.44,3216,339725.11
KALPATARU,EQ,269.80,77594,20978803.65
KPIL,EQ,1451.50,652356,949218024.60
KALYANKJIL,EQ,548.15,14873008,8385934036.25
KICL,EQ,4808.30,686,3289044.30
KSL,EQ,942.80,65980,62075513.15
KAMAHOLD,EQ,2253.30,1608,3623611.60
KAMANWALA,EQ,17.40,299,5076.51
KAMATHOTEL,EQ,258.82,574646,148875992.01
KAMDHENU,EQ,37.31,716062,26610009.38
KAMOPAINTS,EQ,4.11,120710,497645.60
KANANIIND,EQ,1.35,100373,135203.33
KANCHI,EQ,371.65,1771,665138.85
KANCOTEA,EQ,50.47,482,24303.07
KANOHAR,EQ,942.50,11936772,11782041784.20
KANPRPLA,EQ,250.90,9852,2483675.48
KANSAINER,EQ,184.00,331156,59940329.89
KAPSTON,EQ,547.25,49283,27002864.85
KARAMTARA,EQ,438.80,3070483,1326918616.85
KARMAENG,EQ,36.28,1261,46112.15
KTKBANK,EQ,324.25,1512757,492813516.60
KARURVYSYA,EQ,325.20,1631557,531948150.80
KSCL,EQ,717.45,170806,121977047.45
KAYNES,EQ,3405.00,908631,3076555047.50
KCP,EQ,154.41,200701,31018834.19
KDGREEN,EQ,49.19,47418,2328100.86
KDDL,EQ,3999.90,19017,76522437.50
KEC,EQ,374.90,941989,352897075.30
KEI,EQ,4557.40,413199,1900853626.70
KELLTONTEC,EQ,12.41,1263362,15459403.95
KENNAMET,EQ,4268.60,18118,77266296.30
KERNEX,EQ,1749.70,208295,359258379.10
KESORAMIND,EQ,10.76,595493,6357598.01
KKCL,EQ,474.55,14216,6677668.75
KEYFINSERV,EQ,241.53,631,152822.33
RUSTOMJEE,EQ,368.55,11367,4171472.90
KFINTECH,EQ,863.80,518303,451545408.80
KHAITANLTD,EQ,145.60,1721,248362.41
KHAICHEM,EQ,48.73,130507,6324338.14
KHANDSE,EQ,16.97,153,2594.10
KLBRENG-B,EQ,528.40,147354,78129774.55
KILITCH,EQ,260.70,661834,169204245.68
KINGFA,EQ,6932.00,24558,169078863.00
KIOCL,EQ,344.60,139535,47166552.25
KIRANVYPAR,EQ,177.05,997,177321.60
KIRIINDUS,EQ,564.10,712617,399845574.20
KIRLOSBROS,EQ,1745.30,26434,46241805.90
KECL,EQ,128.11,151467,19209661.14
KIRLFER,EQ,472.75,57417,27040526.20
KIRLOSIND,EQ,3542.50,8925,31654492.00
KIRLOSENG,EQ,2266.10,392965,883434652.00
KIRLPNU,EQ,710.85,250315,174167426.15
KITEX,EQ,118.96,266370,31809958.88
KNAGRI,EQ,205.00,4087,842176.88
KNACK,EQ,197.34,2606145,509568110.61
KMEW,EQ,3202.30,268808,851697928.70
KNRCON,EQ,115.65,1452660,167033214.52
KOHINOOR,EQ,28.89,105472,3053382.56
KOKUYOCMLN,EQ,74.57,23294,1736614.10
KOLTEPATIL,EQ,433.55,55259,23918241.60
KOPRAN,EQ,269.60,359825,97121396.35
GOLD1,EQ,122.72,2150532,263086701.26
KOTAKBANK,EQ,431.90,40021922,17260889223.20
NIFTY1,EQ,252.54,55643,14029810.73
PSUBANK,EQ,80.09,320783,25696515.17
CHEMICAL,EQ,28.63,291598,8302296.44
ALPHA,EQ,52.70,1499557,78458276.28
CONS,EQ,11.40,3393,38586.80
IT,EQ,31.19,340246,10630682.16
LIQUID1,EQ,1125.67,748917,843035829.33
LOWVOL1,EQ,19.85,784855,15516713.56
MIDCAP,EQ,17.42,270504,4712281.08
MNC,EQ,31.48,33839,1056239.44
SILVER1,EQ,21.37,8578942,182682439.86
NV20,EQ,13.23,89694,1186076.78
MID150,EQ,22.31,103001,2298204.85
MOMENTUM30,EQ,29.80,639784,19081109.55
MSCIINDIA,EQ,28.37,5043,142541.80
NEXT50ETF,EQ,70.59,15516,1091023.22
NIFTY100EW,EQ,33.37,32779,1093280.74
PVTBANK,EQ,27.14,11604,314231.67
QUALITY30,EQ,19.40,34240,663602.09
BANKNIFTY1,EQ,57.05,268750,15350675.56
KOTIC,EQ,147.33,4545,675472.22
KOTHARIPET,EQ,127.53,42054,5370895.55
KOTHARIPRO,EQ,64.64,1756,112654.02
KOTYARK,EQ,29.98,516636,14997383.32
KOVAI,EQ,5936.00,4135,24553437.50
KPIGREEN,EQ,326.80,1238987,404379517.05
KPITTECH,EQ,492.70,965926,475905049.20
KPRMILL,EQ,1100.40,75276,82251631.40
KRBL,EQ,389.15,688266,270183794.40
KREBSBIO,EQ,58.86,81033,4813530.40
KRIDHANINF,EQ,1.88,9034,17091.64
KRISHANA,EQ,193.66,1697639,325890635.13
KRISHIVAL,EQ,404.45,2752,1117372.30
KRISHNADEF,EQ,1312.30,1729929,2206236611.80
KIMS,EQ,693.40,913768,635839219.60
KRITI,EQ,60.03,7079,422045.64
KRITINUT,EQ,72.61,9501,686684.27
KRITIKA,EQ,4.95,55178,270569.15
KRN,EQ,1462.30,105952,154029238.60
KROSS,EQ,253.20,458241,115048607.05
KRSNAA,EQ,552.70,33501,18588787.35
KRYSTAL,EQ,656.65,15827,10446681.20
KSB,EQ,809.10,139737,112200112.10
KSE,EQ,176.86,6800,1199073.44
KSHINTL,EQ,1034.10,281870,292570074.00
KSOLVES,EQ,248.96,21403,5305722.09
KUANTUM,EQ,75.31,66071,5022018.80
KUSUMGAR,EQ,611.00,329899,204347618.00
KPL,EQ,3745.00,29281,108261410.10
KWIL,EQ,38.29,5805866,222946733.24
LKPSEC,EQ,14.30,9479,134815.73
LTF,EQ,264.40,3148329,829819451.75
LTTS,EQ,3246.00,40233,129338425.90
LAOPALA,EQ,159.07,125550,19713886.49
LAGNAM,EQ,73.59,1365,97629.98
LAHOTIOV,EQ,39.12,5017,199648.09
LFIC,EQ,130.42,434,56245.83
LAKSHMIMIL,EQ,7733.50,115,895605.00
LALITHAA,EQ,405.45,2951065,1177321688.60
LAMBODHARA,EQ,135.95,67140,9134864.56
LANCER,EQ,11.28,184522,2082587.79
LANDMARK,EQ,480.60,71976,34396130.90
LPDC,EQ,6.23,20099,125159.27
LANDSMILL,EQ,0.93,11262310,10851997.10
LT,EQ,3770.00,1994276,7482304178.00
LASERPOWER,EQ,278.80,681633,186745513.65
LATENTVIEW,EQ,233.28,267880,62811993.03
LATTEYS,EQ,21.89,135856,2955591.30
LAURUSLABS,EQ,2050.00,2197316,4414933409.30
LAXMICOT,EQ,12.63,8119,104261.49
LAXMIDENTL,EQ,190.53,34854,6641189.85
LGHL,EQ,213.69,18433,3941956.91
LAXMIINDIA,EQ,111.59,110943,12473827.21
LXCHEM,EQ,188.86,4355804,816599835.92
LCCPROJECT,EQ,144.08,1374162,196822202.92
LEMERITE,EQ,19.80,142615,2844314.90
IXIGO,EQ,160.13,1707336,272912508.96
LEAPIND,EQ,142.48,1035046,148576517.20
THELEELA,EQ,582.70,514330,298145916.95
LEMONTREE,EQ,110.12,4208738,458737418.22
LENSKART,EQ,684.85,2891155,1987734627.25
LEXUS,EQ,10.81,11175,120464.62
LGBBROSLTD,EQ,1657.80,27432,45451815.80
LGEINDIA,EQ,1758.60,687055,1214226885.00
LIBAS,EQ,11.51,128333,1455621.36
LIBERTSHOE,EQ,218.57,14502,3143042.71
LICHSGFIN,EQ,502.00,1198970,602493903.75
LICMFGOLD,EQ,132.00,77864,10259430.65
LICNETFN50,EQ,255.83,80,20440.23
LICNETFSEN,EQ,823.00,2,1689.00
LICNFNHGP,EQ,262.40,83,21764.76
LICNETFGSC,EQ,29.02,5566,161674.52
LICNMID100,EQ,59.62,2932,175028.30
LICI,EQ,390.00,3373619,1316110911.25
LIKHITHA,EQ,226.66,24710,5587468.29
LINC,EQ,88.25,4395,387154.78
LINCOLN,EQ,577.80,15982,9192558.80
LINDEINDIA,EQ,6152.50,17348,106276220.50
LLOYDSENGG,EQ,101.15,10878549,1103087990.34
LLOYDSENT,EQ,78.83,3341137,266882947.84
LLOYDSME,EQ,1858.20,569041,1051902278.40
LMW,EQ,16910.00,3635,61396253.00
LODHA,EQ,1135.60,1572481,1781007919.70
LCL,EQ,627.55,2300964,1424414372.60
LOKESHMACH,EQ,455.70,687289,312566124.55
LORDSCHLO,EQ,139.21,37635,5319293.78
LAL,EQ,8.50,13135,111593.64
LOTUSCHO,EQ,579.65,6149,3484969.55
LOTUSEYE,EQ,115.37,12509,1443566.07
LOVABLE,EQ,69.00,2810,194516.29
LOYALTEX,EQ,207.00,11,2259.00
LTFOODS,EQ,408.15,285857,117387670.30
LTM,EQ,3971.10,176859,703533370.50
LUMAXTECH,EQ,1856.90,311867,588544736.80
LUMAXIND,EQ,5435.50,7818,42602397.00
LUMINO,EQ,101.67,5939874,593637476.38
LUPIN,EQ,2029.30,1066347,2158561256.70
LUXIND,EQ,1177.00,25557,30190654.20
MBEL,EQ,255.41,116396,29542586.72
MKEXIM,EQ,64.59,3449,223582.57
MKPL,EQ,3.99,359653,1473271.38
MCL,EQ,54.82,58157,3145327.10
M&MFIN,EQ,327.75,1798943,584511336.30
MAANALU,EQ,105.03,43861,4608089.23
MCCHRLS-B,EQ,674.25,460,298555.70
MACPOWER,EQ,2090.10,44507,94223409.60
MADHAVIPL,EQ,7.35,76389,560435.51
MADHAV,EQ,33.93,10225,345389.79
MADHUCON,EQ,3.96,24076,94432.84
MBAPL,EQ,166.95,444655,73819084.01
MADRASFERT,EQ,58.98,30663,1800347.77
MAFATIND,EQ,115.64,37850,4294124.90
MAGADSUGAR,EQ,552.45,57458,31904944.50
MCLOUD,EQ,24.85,1349922,33522049.79
MAGNUM,EQ,18.19,5858,106705.13
MAHAPEXLTD,EQ,50.84,1786,90480.87
MFML,EQ,19.19,478,8826.88
MGL,EQ,1039.80,57016,59187018.80
MTNL,EQ,23.28,893842,20846203.77
MAHSCOOTER,EQ,12315.00,5136,63351350.00
MAHSEAMLES,EQ,685.70,219713,151440045.20
MAHESHWARI,EQ,71.44,999,71102.62
M&M,EQ,2855.00,2611087,7443735746.10
MAHEPC,EQ,98.97,10718,1052209.36
MHRIL,EQ,196.71,41115,8059524.84
MAHLIFE,EQ,352.20,101799,35626528.85
MAHLOG,EQ,415.05,89588,36981551.15
MAITHANALL,EQ,911.00,26492,24192996.20
MAKERSL,EQ,183.00,296,53643.53
MALLCOM,EQ,903.30,5552,5059369.40
MALUPAPER,EQ,32.40,13408,429410.53
MAMATA,EQ,395.65,73276,29150448.90
MANAKCOAT,EQ,129.32,367367,47423520.77
MANINDS,EQ,922.05,456249,418405607.15
MANINFRA,EQ,123.24,1146888,142139501.55
MANAKALUCO,EQ,33.24,35396,1179918.94
MANAKSIA,EQ,59.05,50235,2935972.12
MANALIPETC,EQ,92.36,10482494,955175522.10
MANAPPURAM,EQ,310.20,3956853,1221100427.25
MANBA,EQ,141.35,43633,6103078.75
MANCREDIT,EQ,231.90,213610,49374828.08
MEIL,EQ,263.45,52828,13900902.00
MANGLMCEM,EQ,988.10,24374,24092276.75
MANGALAM,EQ,31.86,50506,1552944.92
MGEL,EQ,15.78,578303,9119904.33
MANORG,EQ,436.10,7004,3046764.80
MSL,EQ,140.00,632,88557.86
MWL,EQ,41.66,358670,14889237.73
MANIKA,EQ,51.52,8545846,413604447.84
MANIPALHOS,EQ,690.50,822841,559802780.05
MPIMANIPAL,EQ,366.05,1189124,445827690.65
MANKIND,EQ,2500.00,297524,741842648.80
MVGJL,EQ,203.16,120816,24668662.42
MANOMAY,EQ,240.14,174673,41967552.67
MANORAMA,EQ,1985.60,207581,412380079.40
MARALOVER,EQ,57.99,3906,226580.53
MARATHON,EQ,374.60,163989,61971723.15
MARICO,EQ,794.15,1467158,1159490618.45
MARINE,EQ,478.85,2220066,1061117099.65
MARKOLINES,EQ,170.41,52816,8975009.65
MARKSANS,EQ,324.40,3112693,1029664184.75
MARSONS,EQ,119.24,3015676,358858222.66
MARUTI,EQ,11625.00,263958,3048175281.00
MASFIN,EQ,266.90,94219,25213366.35
MASKINVEST,EQ,147.49,93,13118.07
MASTEK,EQ,1616.30,66881,107998377.00
MASTERTR,EQ,82.62,127755,10522104.87
MATRIMONY,EQ,509.60,7753,3965039.70
MAWANASUG,EQ,147.89,436659,65136088.07
MAXESTATES,EQ,564.95,111480,63385569.25
MFSL,EQ,1361.00,2855802,3851918217.30
MAXHEALTH,EQ,902.50,2407174,2173286936.55
MAXIND,EQ,165.84,422790,69089659.29
MAYURUNIQ,EQ,761.15,181493,135605016.30
MAZDOCK,EQ,2101.00,403608,846534489.70
MBLINFRA,EQ,25.05,209858,5236200.23
MCLEODRUSS,EQ,42.60,206559,8878704.38
MEDIASSIST,EQ,306.25,183195,55315920.55
MMWL,EQ,17.14,44579,764084.06
MEDICO,EQ,22.17,125095,2747334.87
MEDPLUS,EQ,651.45,121423,78915313.45
MEESHO,EQ,238.22,39917541,9515812137.19
MEGASTAR,EQ,289.97,6688,1882948.11
MOL,EQ,60.25,1833781,108193454.95
MIIL,EQ,675.50,68421,46599220.60
MENONBE,EQ,304.95,189774,57272429.85
MERCANTILE,EQ,22.85,4008,91355.18
MERCURYEV,EQ,36.97,95003,3534425.58
METROBRAND,EQ,818.85,32863,26767875.60
METROGLOBL,EQ,130.00,455,59271.51
METROPOLIS,EQ,552.65,367729,201350901.45
MIDWESTLTD,EQ,1006.20,61917,60065269.05
MLKFOOD,EQ,84.66,13390,1133319.88
MINDACORP,EQ,659.60,149067,98088399.25
MINDTECK,EQ,143.72,111163,16097013.90
ALPHAETF,EQ,25.61,624672,15973541.96
BANKETF,EQ,561.20,73896,41454418.71
BANKPSU,EQ,80.60,7918,640638.43
CONSUMER,EQ,11.31,51388,580206.97
DEFENCE,EQ,78.10,174437,13587055.86
DIVIDEND,EQ,33.74,4091,138188.56
ENERGY,EQ,37.21,112302,4175919.58
EQUAL200,EQ,13.13,27110,355422.22
EQUAL50,EQ,312.60,20652,6441859.48
EVINDIA,EQ,30.28,80305,2427774.17
HEALTHCARE,EQ,21.02,11356,238371.14
HYBRIDETF,EQ,9.83,131241,1288680.31
INFRA,EQ,11.59,7326,84834.57
INTERNET,EQ,13.78,214061,2936321.73
ITETF,EQ,29.72,442262,13156132.21
LARGEMID50,EQ,34.63,25,864.48
LIQUID,EQ,999.99,104280,104279764.66
LIQUIDPLUS,EQ,1106.32,411888,455683550.43
ESG,EQ,38.88,35325,1373512.86
MAFANG,EQ,276.13,1473840,403485338.89
BFSI,EQ,25.90,95227,2468536.39
GOLDETF,EQ,142.99,1471383,209992760.83
GSEC10YEAR,EQ,29.79,4454,133443.45
MAHKTECH,EQ,22.25,477678,10603551.69
MIDCAPETF,EQ,22.42,3690091,82649682.23
MAKEINDIA,EQ,157.00,21627,3379850.28
NIFTYETF,EQ,247.58,274217,67725012.74
LOWVOL,EQ,193.43,709,137266.27
NEXT50,EQ,723.61,27793,20058993.22
SILVERAG,EQ,214.75,533554,114491488.29
MASPTOP50,EQ,111.05,2426241,274817137.15
METAL,EQ,12.72,1523264,19366519.00
MIDSMALL,EQ,50.32,241661,12128345.04
MOMMIDCAP,EQ,12.61,918394,11569666.51
MULTICAP,EQ,16.02,171855,2742603.02
SELECTIPO,EQ,46.64,18943,879508.64
SENSEXETF,EQ,75.41,26787,2013573.79
SMALL250,EQ,17.96,503365,8995442.20
SMALLCAP,EQ,48.24,1195165,57391745.83
TOP20,EQ,8.40,30049,252179.83
VALUE,EQ,15.25,31145,476999.49
MIRZAINT,EQ,27.72,74096,2052887.67
MIDHANI,EQ,462.35,2140471,982370269.05
MITCON,EQ,79.35,3935,313804.37
MITTAL,EQ,0.71,1139464,807782.66
MMFL,EQ,579.15,80544,46194334.40
MMP,EQ,480.55,51091,24221046.20
MMTC,EQ,57.01,653249,37241561.44
MODTHREAD,EQ,48.99,618,30850.91
MODINATUR,EQ,317.50,8478,2755758.05
MODIRUBBER,EQ,118.58,2252,267671.30
MODIS,EQ,380.85,38246,14506144.50
MOHITIND,EQ,22.78,1859,42021.13
MOHITE,EQ,2.49,86578,211559.93
MOIL,EQ,239.20,228758,54646271.46
MOKSH,EQ,9.31,91299,842045.96
MOLBIO,EQ,1501.10,1128691,1697754317.80
MOLDTKPAC,EQ,678.00,90503,61989344.90
MONARCH,EQ,344.65,83365,28939261.70
MONEYVIEW,EQ,50.50,151735994,7573915468.21
MONTECARLO,EQ,524.30,17793,9325689.45
MOREPENLAB,EQ,143.96,22422554,3180777073.28
MOSCHIP,EQ,197.70,1094914,216276269.23
MSUMI,EQ,33.31,3809743,126189320.27
MOM100,EQ,64.60,436902,28092332.15
MON100,EQ,330.43,689763,226999387.82
MOTILALOFS,EQ,1081.15,2179004,2307064780.25
MOM50,EQ,238.46,13336,3172343.52
MOGSEC,EQ,64.86,436710,28299469.29
MOALPHA50,EQ,54.34,3952,214752.14
MOBANK10,EQ,16.43,1436,23529.04
MOCAPITAL,EQ,52.89,457066,24008201.69
MODEFENCE,EQ,102.41,793992,80942187.60
MOENERGY,EQ,37.11,66850,2480023.91
MOGOLD,EQ,145.35,25184,3648312.90
MOHEALTH,EQ,50.86,30847,1557217.25
MOINFRA,EQ,56.67,2574,145725.56
MOIPO,EQ,46.74,5556,257779.78
MOLOWVOL,EQ,34.25,76357,2610268.70
MOMENTUM50,EQ,53.24,400877,21239772.54
MOMETAL,EQ,12.62,11500,145015.42
MOMGF,EQ,153.92,1438,220060.62
MOMIDMTM,EQ,62.14,51021,3167819.75
MOMNC,EQ,30.72,1561,47346.67
MOMOMENTUM,EQ,60.72,35609,2152982.04
MON50EQUAL,EQ,31.79,4717,147793.50
MONEXT50,EQ,69.80,14915,1043258.62
MONIFTY100,EQ,23.91,64739,1552925.35
MONIFTY500,EQ,22.74,359516,8147457.93
MONQ50,EQ,219.20,3041295,669792234.81
MOOILGAS,EQ,10.74,33923,361274.49
MOPSE,EQ,94.99,3159,300204.58
MOQUALITY,EQ,191.38,5140,971025.10
MOREALTY,EQ,83.96,162773,13673364.85
MOSERVICE,EQ,29.33,199,5829.03
MOSILVER,EQ,218.15,48465,10538318.75
MOSMALL250,EQ,17.95,751052,13441663.36
MOTOUR,EQ,76.55,5598,426320.39
MOVALUE,EQ,106.86,52125,5576283.29
MOTISONS,EQ,17.61,14292565,254659674.23
MOTOGENFIN,EQ,25.77,39767,1009340.32
MPHASIS,EQ,2298.00,286928,655774512.90
MPSLTD,EQ,2681.20,9345,25053454.50
MRF,EQ,124080.00,2176,269519460.00
MRPL,EQ,174.72,9705261,1689922853.03
BECTORFOOD,EQ,212.16,335112,71271597.74
MSPL,EQ,32.34,538757,17330788.42
MSTCLTD,EQ,714.30,174093,124437946.15
MUFIN,EQ,135.17,2282224,308025032.04
MUKANDLTD,EQ,181.55,476026,86252188.99
MUKTAARTS,EQ,57.04,904,51089.34
MCX,EQ,3310.00,1520917,4968604903.60
MUNJALAU,EQ,105.33,355586,37447188.34
MUNJALSHOW,EQ,124.82,16146,2028169.52
MURUDCERA,EQ,27.97,17500,490272.36
RADIOCITY,EQ,6.01,18611,109638.74
MUTHOOTCAP,EQ,216.42,6595,1426449.16
MUTHOOTFIN,EQ,2686.00,369508,994684657.50
MUTHOOTMF,EQ,176.76,193467,33877034.84
MVELECTRO,EQ,933.10,4326577,4086750063.05
NRAIL,EQ,658.25,11965,7921825.75
NTCIND,EQ,134.76,762,103596.31
NBIFIN,EQ,1828.10,164,303239.10
NACLIND,EQ,136.63,375897,50702527.46
NDGL,EQ,2371.80,118,282777.00
NAGREEKCAP,EQ,27.25,17101,457736.73
NAGREEKEXP,EQ,21.97,4503,98391.08
NAHARCAP,EQ,234.66,1700,397884.19
NAHARINDUS,EQ,127.66,12859,1644934.08
NAHARPOLY,EQ,220.36,5593,1239214.96
NAHARSPING,EQ,257.40,10252,2632957.80
NGIL,EQ,36.15,13331,486317.03
NSIL,EQ,5297.50,1675,8830210.50
NDL,EQ,2.57,997287,2620334.04
JAIPURKURT,EQ,27.37,99083,2688407.49
NH,EQ,1723.80,177934,307123613.00
NARMADA,EQ,12.10,359207,4347972.57
NATCOPHARM,EQ,823.65,225113,184762788.00
NATHBIOGEN,EQ,138.31,9276,1285899.52
NATIONALUM,EQ,337.25,6701284,2272999527.25
NFL,EQ,64.91,584167,37577331.36
NATIONSTD,EQ,110.79,8035,891799.23
NAVA,EQ,575.00,601625,344432014.95
NAVINFLUOR,EQ,8536.00,112311,947054085.50
NAVKARCORP,EQ,85.96,149503,12777172.33
NAVKARURB,EQ,0.85,119787,101798.92
NAVNETEDUL,EQ,124.27,56581,7032729.34
NAZARA,EQ,379.55,732269,279496177.35
NBCC,EQ,77.05,5142985,395172073.27
NCC,EQ,128.47,1129724,145391074.53
NCLIND,EQ,166.80,43369,7276187.78
NDLVENTURE,EQ,122.91,5903,726218.35
NDRAUTO,EQ,704.70,8373,5895545.20
NDTV,EQ,67.08,74085,4996454.17
NECLIFE,EQ,10.95,335891,3632445.50
NEAGI,EQ,3284.40,51,169706.50
NELCAST,EQ,124.48,232684,28611268.72
NELCO,EQ,924.15,187172,171947223.15
NEOGEN,EQ,2429.20,91934,220739332.10
NEPHROPLUS,EQ,634.55,438059,276971316.40
NESCO,EQ,1037.10,37988,39461525.60
NESTLEIND,EQ,1341.40,1650856,2176531901.90
NETWEB,EQ,4746.20,768777,3676384742.80
NPST,EQ,1835.50,67123,123200155.80
NETWORK18,EQ,26.22,2445551,63672598.40
NEULANDLAB,EQ,21905.00,61813,1337279690.00
NEWGEN,EQ,456.60,432611,197724411.55
NEXTMEDIA,EQ,3.56,4292,15320.33
NGLFINE,EQ,3122.10,18062,55944473.10
NHPC,EQ,73.11,5480099,396583095.89
NIBE,EQ,1240.90,26333,32540538.70
NICCOPAR,EQ,79.00,263,20801.00
NIITMTS,EQ,204.99,97157,19772334.86
NIITLTD,EQ,86.78,158264,13613123.80
NILAINFRA,EQ,6.70,81728,550020.31
NILASPACES,EQ,11.17,669539,7508691.86
NILE,EQ,1238.00,5834,7242010.60
NILKAMAL,EQ,1811.50,20452,37164237.20
NIMBSPROJ,EQ,191.57,31024,5771533.84
NINSYS,EQ,822.55,7334,6126749.00
BANKBEES,EQ,569.45,548540,312476459.51
CONSUMBEES,EQ,123.30,35903,4412719.54
DIVOPPBEES,EQ,72.21,36074,2604645.96
NV20BEES,EQ,134.00,8931,1183028.18
GOLDBEES,EQ,121.46,15580041,1884559422.36
HNGSNGBEES,EQ,460.99,63065,29042431.72
INFRABEES,EQ,909.15,18900,17154182.03
ITBEES,EQ,31.17,5346868,166741002.11
JUNIORBEES,EQ,758.79,404843,305717494.32
LIQUIDBEES,EQ,999.99,2902299,2902288841.96
LTGILTBEES,EQ,29.54,2142939,63219520.07
MID150BEES,EQ,227.52,826150,187441815.20
NIF100BEES,EQ,253.11,36283,9163460.04
NIFTYBEES,EQ,258.89,7681670,1984482535.95
PSUBNKBEES,EQ,89.11,793150,70813098.31
SHARIABEES,EQ,424.70,4737,2007642.45
NAM-INDIA,EQ,1073.50,456986,486734307.60
LIQGRWBEES,EQ,1058.31,85518,90504033.82
MANUFGBEES,EQ,155.23,2710,418826.09
AUTOBEES,EQ,264.61,161327,42591560.06
PHARMABEES,EQ,27.30,3580723,97131435.48
SILVERBEES,EQ,210.70,11390233,2388886389.86
SNXT30BEES,EQ,40.16,3365,135059.69
NIRAJ,EQ,27.48,22765,625520.83
NIRLON,EQ,619.00,3635,2242101.95
NITCO,EQ,83.77,210104,17568581.57
NITINSPIN,EQ,616.35,63407,38978666.75
NITIRAJ,EQ,203.29,281,57179.90
NITTAGELA,EQ,1668.10,1882,3166591.20
NIVABUPA,EQ,76.56,618602,47152353.09
NKIND,EQ,57.06,1666,95412.96
NLCINDIA,EQ,254.90,1241729,318553530.85
NMDC,EQ,74.38,10800931,800745330.30
NSLNISP,EQ,40.90,4387731,178684904.65
NOCIL,EQ,171.83,713463,122168974.56
NOIDATOLL,EQ,3.67,134344,490621.14
NORBTEAEXP,EQ,64.21,1241,79313.97
NECCLTD,EQ,19.38,129818,2532536.43
NORTHARC,EQ,298.20,960451,283453650.45
NOVAAGRI,EQ,22.64,33109,744434.07
NOVARTIND,EQ,2051.20,50956,102266217.00
NRBBEARING,EQ,536.95,201725,108643616.15
NIBL,EQ,31.22,4316,135965.47
NTPCGREEN,EQ,90.13,796462,71890303.54
NTPC,EQ,321.45,7317350,2358224786.70
NUCLEUS,EQ,638.05,14083,8961325.70
NUVAMA,EQ,1838.80,641224,1187807368.10
NUVOCO,EQ,326.50,148942,48532464.50
OBCL,EQ,57.44,3579,202576.99
OBEROIRLTY,EQ,1751.80,226302,396428293.10
ODIGMA,EQ,20.91,8824,183200.18
ODYCORP,EQ,6.85,17446,117848.22
ONGC,EQ,224.20,19173994,4268118921.08
OIL,EQ,447.85,2084230,930936408.00
OLAELEC,EQ,35.96,57079984,2064527149.80
OLECTRA,EQ,1102.90,215703,236338140.20
OMFREIGHT,EQ,105.00,74988,7803423.43
OMINFRAL,EQ,73.33,103269,7675259.50
OMPOWER,EQ,153.50,57336,8881435.36
OMAXAUTO,EQ,209.29,122372,25704861.07
OMAXE,EQ,107.71,260401,28162467.08
OMNI,EQ,656.95,1269642,840425932.05
PAYTM,EQ,1694.00,2061099,3478897240.50
ONEGLOBAL,EQ,564.00,23278,12865898.30
MOBIKWIK,EQ,242.14,58640687,13509449382.51
ONEPOINT,EQ,78.65,1960862,153852663.26
KISSHT,EQ,383.10,692711,263617837.90
ONESOURCE,EQ,1535.80,147840,224805464.50
ONIDA,EQ,31.11,235196,7378477.48
ONIXSOLAR,EQ,338.20,254164,86397459.95
ONWARDTEC,EQ,294.60,29818,8746607.00
OPTIEMUS,EQ,889.90,10818595,9533213092.45
OPTIFIN,EQ,14.42,46134,670581.81
OFSS,EQ,10482.00,165190,1728537308.00
ORBTEXP,EQ,246.85,8679,2162900.45
ORCHASP,EQ,1.29,179861,228792.29
ORCHPHARMA,EQ,1006.55,65666,65791750.90
ORICONENT,EQ,52.27,96670,5055714.73
ORIENTBELL,EQ,413.55,16464,6835397.00
ORIENTCABL,EQ,396.40,22213407,8377631213.20
ORIENTCEM,EQ,115.76,187615,21863435.54
ORIENTCER,EQ,44.14,49791,2182095.40
ORIENTELEC,EQ,160.70,144227,23127179.37
GREENPOWER,EQ,8.74,1136066,9918065.37
ORIENTHOT,EQ,143.61,869875,124480239.02
ORIENTPPR,EQ,16.26,71350,1160900.46
ORIENTTECH,EQ,226.35,140422,31584477.97
OAL,EQ,511.35,13510,6912358.25
ORIRAIL,EQ,122.96,32173,3939705.47
ORIENTALTL,EQ,4.87,38279,187415.82
ORISSAMINE,EQ,3609.00,7282,26235590.90
ORKLAINDIA,EQ,545.00,54162,29473265.70
ORTINGLOBE,EQ,14.39,9315,131982.57
OSWALAGRO,EQ,32.85,73055,2423539.61
OSWALGREEN,EQ,19.27,64470,1249021.52
OSWALPUMPS,EQ,264.80,275385,73134773.75
PBMPOLY,EQ,58.75,583,34166.25
PNGJL,EQ,588.60,320402,187598703.05
POEL,EQ,133.71,35229,4789954.98
PGHH,EQ,6865.00,10760,73375004.50
PACEDIGITK,EQ,166.28,903214,150675014.52
PACIFICI,EQ,138.99,48,6671.99
PAGEIND,EQ,37970.00,31600,1200776190.00
PAISALO,EQ,83.10,9862392,814998425.93
PAKKA,EQ,69.13,695031,49094042.67
PALASHSECU,EQ,86.80,607,52571.24
PALREDTEC,EQ,41.62,2463,103577.19
PANACEABIO,EQ,363.20,66783,24092253.35
PANAMAPET,EQ,504.10,627296,314434438.90
PANCHMAHQ,EQ,296.40,25,7410.50
PANORAMA,EQ,63.05,2527901,167292745.86
PANSARI,EQ,265.70,1067,287881.40
PARADEEP,EQ,156.76,1621070,252325586.41
PARAGMILK,EQ,308.70,7377044,2235785041.30
PARACABLES,EQ,58.22,966467,55728649.19
PARAS,EQ,1323.30,661178,862637052.60
PARASPETRO,EQ,2.02,195262,399615.61
PARIN,EQ,700.05,12525,8720583.00
PARKHOSPS,EQ,274.85,708732,193958554.15
PARKHOTELS,EQ,103.19,233718,24127474.84
PARNAXLAB,EQ,115.34,450,51177.97
PASHUPATI,EQ,69.91,1469656,103310654.73
PASUPTAC,EQ,70.89,251121,17662845.72
PATANJALI,EQ,363.00,6485464,2315225429.35
PATELENG,EQ,25.93,1205652,31300211.86
PATINTLOG,EQ,13.15,30969,408995.94
PATELRMART,EQ,227.01,102505,23016632.10
PML,EQ,481.20,216,103772.40
PAUSHAKLTD,EQ,704.30,78776,55144375.90
PAVNAIND,EQ,15.65,22449,350176.47
POLICYBZR,EQ,1034.90,8051949,8214941652.90
PCJEWELLER,EQ,12.93,133837112,1738751041.95
PCBL,EQ,327.70,540498,176040487.40
PDSL,EQ,347.40,33706,11632623.35
PGIL,EQ,1266.70,251443,316118122.90
PEARLPOLY,EQ,17.20,1798,30882.20
PENINLAND,EQ,14.66,120155,1758236.53
PENIND,EQ,177.85,273804,48820379.49
PERMAGN,EQ,846.75,2938,2498810.70
PERSISTENT,EQ,5521.00,266663,1466589537.00
PETRONET,EQ,297.50,5098731,1510151835.20
PFIZER,EQ,3852.20,21026,80926126.50
PGEL,EQ,527.65,5927905,3086367149.35
PHOENXINTL,EQ,28.01,2562,71801.37
PWL,EQ,131.86,21549039,2822800066.08
PIIND,EQ,2250.00,617515,1375309909.10
PICCADIL,EQ,594.20,65957,39224525.80
PIDILITIND,EQ,1520.50,608466,916517440.90
PILITA,EQ,7.35,15116,111416.02
PILANIINVS,EQ,4067.10,1530,6200883.10
PINELABS,EQ,172.73,10927701,1878082674.34
PIONEEREMB,EQ,20.60,2547,52418.31
PIRAMALFIN,EQ,2018.50,171616,345749628.70
PPLPHARMA,EQ,200.52,1719220,340121252.85
PITTIENG,EQ,1122.00,63535,72361590.20
PIXTRANS,EQ,1796.70,20105,36426144.10
PLASTIBLEN,EQ,202.40,54146,10992290.34
PLATIND,EQ,203.58,45409,9258265.16
PLAZACABLE,EQ,58.07,74179,4210360.79
PNBGILTS,EQ,71.42,408404,29258952.02
PNBHOUSING,EQ,1102.10,514325,567588405.30
PNCINFRA,EQ,138.74,583869,80562152.90
PNC,EQ,17.41,2233,38765.49
PNGSREVA,EQ,547.20,335113,183788795.30
PODDARMENT,EQ,253.30,1717,432910.05
POKARNA,EQ,709.90,48093,33859974.35
POLYMED,EQ,1633.80,94082,153275982.10
POLYCAB,EQ,8147.00,301660,2449626526.00
POLYPLEX,EQ,1034.30,109925,112988647.00
POLYSPIN,EQ,28.95,187,5412.36
POCL,EQ,447.25,117171,52363802.00
PONNIERODE,EQ,374.55,103001,38857132.05
POONAWALLA,EQ,460.45,732498,334140955.95
PVSL,EQ,94.57,15944,1473041.69
PFC,EQ,322.60,7472995,2423600612.30
POWERGRID,EQ,257.20,4808578,1237174099.90
PIGL,EQ,98.42,66437,6424646.61
POWERMECH,EQ,2426.00,22049,53609644.90
POWERICA,EQ,601.70,128005,76208686.50
PRABHA,EQ,221.33,82864,18361137.96
PRADPME,EQ,544.25,104979,55745180.65
PRAJIND,EQ,315.05,751662,234854387.00
PRAENG,EQ,19.70,532330,9918635.57
PRAKASH,EQ,119.70,200357,23989668.00
PPL,EQ,252.65,32471,8170070.20
PRAKASHSTL,EQ,3.53,51681,182490.25
PRANAV,EQ,90.90,1336798,122494977.93
PRASOLCHEM,EQ,821.45,387141,320270081.95
DIAMONDYD,EQ,1088.20,15772,16912763.60
PRAVEG,EQ,247.81,36505,8885732.40
PRAXIS,EQ,4.45,33632,149398.61
PRECAM,EQ,113.27,111679,12551806.44
PRECWIRE,EQ,515.15,371870,190618325.90
PRECOT,EQ,604.50,4943,2974249.05
PREMCO,EQ,405.90,425,171088.60
PREMIERENE,EQ,907.00,867775,781730484.25
PREMEXPLN,EQ,685.10,270918,185590801.80
PREMIERPOL,EQ,97.23,803662,80068506.02
PRESTIGE,EQ,1467.70,610916,890142988.50
PRICOLLTD,EQ,677.65,1812530,1232152790.15
PFOCUS,EQ,292.70,4125637,1194717163.25
PRIMESECU,EQ,297.05,9985,2992008.60
PRIMO,EQ,26.97,433840,11626413.67
PRINCEPIPE,EQ,258.20,117722,30025450.00
PRIORITY,EQ,311.85,704006,213722337.35
PRSMJOHNSN,EQ,103.48,236606,24299215.53
PRISMX,EQ,0.49,336580,166255.70
PRITI,EQ,31.66,4142,131744.48
PRITIKAUTO,EQ,16.33,116226,1882255.29
PRIVISCL,EQ,3504.90,218699,764176016.20
PGHL,EQ,5306.00,18158,96116096.50
PROSTARM,EQ,132.91,145980,19469019.79
PROTEAN,EQ,689.25,1283331,867354586.35
PROZONER,EQ,52.45,176214,9221422.49
PRUDENT,EQ,3204.30,13341,42419277.60
PRUDMOULI,EQ,13.81,13911,194152.92
PSPPROJECT,EQ,761.75,28286,21560977.00
PFS,EQ,27.29,607649,16774724.10
PTC,EQ,157.14,3439913,540542986.24
PTCIL,EQ,23125.00,20786,476752335.00
PTL,EQ,38.23,49589,1899233.28
PDMJEPAPER,EQ,96.16,182090,17658612.49
PSB,EQ,21.05,543771,11443007.59
PUNJABCHEM,EQ,1039.00,2928,3043244.50
PNB,EQ,111.92,8421589,942643437.58
PURVA,EQ,210.75,95890,20024850.17
PERNIASPOP,EQ,518.60,121346,63021640.05
PVP,EQ,50.34,2588716,123510253.43
PVRINOX,EQ,1249.40,335983,418310961.50
PYRAMID,EQ,159.71,68129,10862103.08
QUADFUTURE,EQ,547.40,515075,280102366.70
QPOWER,EQ,1648.80,334224,550942825.60
QGOLDHALF,EQ,121.86,336939,40995064.93
QNIFTY,EQ,250.58,9127,2284914.76
SILVER001,EQ,22.31,16924,375283.26
QUESS,EQ,334.45,218679,73340481.75
QUICKHEAL,EQ,140.42,61739,8641953.88
QUINTEGRA,EQ,1.47,11789,17329.83
RKSWAMY,EQ,87.87,7595,668322.19
RRIL,EQ,16.18,21385,335273.60
RRKABEL,EQ,2789.70,917457,2518651994.80
RSYSTEMS,EQ,246.30,760943,187569087.60
RSSOFTWARE,EQ,30.44,8348,253454.39
RPPINFRA,EQ,51.53,33688,1743275.24
RACE,EQ,108.75,17139,1874696.09
RACLGEAR,EQ,1593.40,20828,32836208.20
RADAAN,EQ,2.98,22851,69619.58
RADIANTCMS,EQ,34.82,86519,3017194.52
RADICO,EQ,4460.10,632144,2806359158.30
RPEL,EQ,1835.60,51137,93515372.80
RVNL,EQ,198.78,3145856,627012768.51
RAILTEL,EQ,257.65,511182,131250821.45
RAIN,EQ,212.63,3477479,742266394.70
RAINBOW,EQ,1239.70,122566,152788396.60
ROML,EQ,42.99,1781,76384.23
RAJPALAYAM,EQ,743.95,295,219094.20
ARENTERP,EQ,33.89,177,5879.25
RAJMET,EQ,3.08,196261,606025.14
RAJOOENG,EQ,56.95,838914,46935742.06
RSL,EQ,176.06,2532342,450433779.93
RAJRATAN,EQ,467.30,96176,44502493.60
RAJSREESUG,EQ,29.58,67148,1982836.15
RALLIS,EQ,200.30,352413,70052783.61
RAMRAT,EQ,641.20,264177,169475831.30
RAMAPHO,EQ,117.99,73107,8680964.40
RAMCOIND,EQ,297.75,114309,33974425.35
RAMCOSYS,EQ,563.50,33400,18666633.80
RKFORGE,EQ,732.65,992145,720654410.65
RAMKY,EQ,286.65,28933,8263722.10
RANASUG,EQ,13.81,443685,6158093.20
RML,EQ,1394.40,99854,140312150.50
RANEHOLDIN,EQ,1547.40,4758,7369237.30
RPTECH,EQ,958.25,188962,180066706.55
RCF,EQ,108.94,911292,98459064.42
RATEGAIN,EQ,854.45,136700,116230718.95
RATNAMANI,EQ,2601.20,19889,51501175.20
RATNAVEER,EQ,335.25,1400875,472338028.90
RTNINDIA,EQ,26.13,976831,25336490.55
RTNPOWER,EQ,6.75,6922772,46911461.50
RKDL,EQ,17.27,9673,167689.95
RVHL,EQ,37.26,6990,262219.87
RELTD,EQ,147.25,66967,9822121.59
RAYMONDLSL,EQ,649.85,281558,183171221.55
RAYMOND,EQ,1294.30,1955260,2566841534.30
RAYMONDREL,EQ,707.80,2765917,1987284157.75
MOMSBELIEF,EQ,232.64,86445,19871818.76
RBLBANK,EQ,414.50,2559971,1060690865.95
RRECL,EQ,125.17,279,37410.64
RECLTD,EQ,300.00,5488691,1640378557.45
REDINGTON,EQ,405.70,2037976,831768091.20
REDTAPE,EQ,114.80,148953,17084581.39
REFEX,EQ,265.15,301675,80299707.50
REGAAL,EQ,85.94,183472,15829374.19
REGENCERAM,EQ,33.28,23966,792158.31
RELAXO,EQ,290.50,92182,26590651.45
GILT5YBEES,EQ,65.54,227991,14947845.89
RELIABLE,EQ,139.30,8421,1176116.61
RELCHEMQ,EQ,113.40,2301,261865.02
RIIL,EQ,681.70,55354,37434770.00
RELIANCE,EQ,1218.00,18003127,21812045713.20
RPOWER,EQ,20.49,48663848,1005035691.63
IVZBANKNF,EQ,55.12,330,18158.22
IVZSENSEX,EQ,73.20,716,52119.54
RELIGARE,EQ,227.75,659520,148940310.10
REMSONSIND,EQ,108.67,520894,55773565.49
RGL,EQ,163.62,465586,75771561.21
RENTOMOJO,EQ,545.20,9174958,4995277175.10
REPCOHOME,EQ,326.45,65214,21403602.55
REPRO,EQ,296.35,18005,5409875.05
RESPONIND,EQ,156.31,1662406,261020792.79
RBA,EQ,95.10,1607028,151815929.43
RVTH,EQ,756.20,1590,1155352.00
RHETAN,EQ,16.59,31432821,508584381.85
RHIM,EQ,373.40,181452,67893345.40
RICOAUTO,EQ,121.83,677941,82305276.00
RIR,EQ,183.49,632621,114038484.66
RISHABH,EQ,688.40,178044,123684247.05
RITCO,EQ,285.55,107885,30884289.30
RITES,EQ,203.51,616591,126175460.78
RMC,EQ,196.05,146046,28701798.93
RHL,EQ,165.25,1708,281332.37
ROLEXRINGS,EQ,188.18,2424946,455908181.06
ROSSARI,EQ,427.45,184174,79126911.65
ROSSELLIND,EQ,50.68,20826,1062342.96
ROSSTECH,EQ,1612.10,506905,835638786.10
ROTO,EQ,62.24,524832,32679350.36
ROUTE,EQ,430.80,137980,59591480.85
ROHLTD,EQ,300.75,8836,2655243.95
RPGLIFE,EQ,2933.20,14225,41835615.10
RPSGVENT,EQ,833.10,13774,11488854.90
RSWM,EQ,207.03,24341,5002637.97
RUBFILA,EQ,63.59,28374,1811330.21
RUBICON,EQ,1596.80,72117,115276393.50
RUCHINFRA,EQ,4.98,20684,102845.77
RUCHIRA,EQ,102.78,9363,966613.81
RUDRA,EQ,17.81,7681,136777.17
REPL,EQ,56.83,1257,70779.30
RUNWALENTR,EQ,290.60,1321433,388077211.75
RUPA,EQ,128.99,118983,15407229.18
RUSHIL,EQ,15.54,108221,1686661.21
SAB,EQ,170.00,10,1700.00
SCHAND,EQ,145.16,25808,3660645.90
SHK,EQ,142.32,584843,82802692.75
SVGLOBAL,EQ,140.92,957,134591.45
S&SPOWER,EQ,286.00,4306,1229909.35
SPAL,EQ,949.65,18873,17900090.55
SALSTEEL,EQ,89.60,746781,67227406.99
SAATVIKGL,EQ,402.50,57401,23036109.30
SADBHAV,EQ,6.85,118920,814802.31
SADBHIN,EQ,2.56,45546,117337.56
SAFARI,EQ,1318.00,41056,54300249.30
SAGCEM,EQ,146.60,38480,5653958.24
SAGARDEEP,EQ,23.14,4214,94958.68
SAGILITY,EQ,43.88,8239659,355676374.23
SAHYADRI,EQ,354.05,8223,2943801.20
SAICAPI,EQ,150.16,462,67996.00
SAILIFE,EQ,1558.10,277814,426830116.20
SAIPARENT,EQ,522.90,352499,183144458.95
KALAMANDIR,EQ,77.36,488052,37377068.91
SEKURITIND,EQ,110.08,31166,3395486.63
SAKAR,EQ,1048.50,68620,71032052.90
SAKSOFT,EQ,142.74,112706,15990058.98
SAKHTISUG,EQ,18.88,290628,5487253.72
SAKUMA,EQ,1.51,1647490,2511405.87
SALASAR,EQ,4.22,5485232,23079576.12
SALONA,EQ,274.20,757,206694.85
SALZERELEC,EQ,524.95,35112,18449767.80
SAMBHAAV,EQ,5.25,27220,141841.16
SAMBHV,EQ,162.19,1575550,257660975.54
SAMHI,EQ,149.73,811325,121264779.39
SAMMAANCAP,EQ,134.40,2560634,343366731.44
SAMPANN,EQ,23.99,10227,247642.77
MOTHERSON,EQ,160.00,7313345,1163587195.46
SANATHAN,EQ,525.65,45492,24047307.45
SANDESH,EQ,1017.40,972,978487.90
SANDHAR,EQ,558.10,78149,43670767.05
SANDUMA,EQ,183.38,525752,95168028.96
SANGAMIND,EQ,642.40,30921,19746206.70
SANGHVIMOV,EQ,419.50,482154,203268409.60
SANOFICONR,EQ,3736.50,3430,12773527.10
SANOFI,EQ,3047.00,16503,49924269.80
SANSERA,EQ,4232.90,261389,1103079760.40
SANSTAR,EQ,104.07,104195,10880310.92
SAPPHIRE,EQ,215.16,315838,67358935.73
ZSARACOM,EQ,9961.00,35,344294.00
SSDL,EQ,68.57,77815,5387142.31
SARDAEN,EQ,500.70,188815,94473228.75
SAREGAMA,EQ,503.70,166549,83511549.95
SARLAPOLY,EQ,96.44,26212,2516261.10
SMLT,EQ,74.06,66008,4978452.21
SARVESHWAR,EQ,3.58,1021600,3619836.93
SASKEN,EQ,1679.50,18068,30443254.20
SATIA,EQ,69.26,81400,5604880.77
SATIN,EQ,228.35,4924729,1057620413.84
SAURASHCEM,EQ,51.47,67553,3475503.96
SOTL,EQ,775.50,523424,397133316.30
SAYAJIHOTL,EQ,307.35,38,11757.60
SAYAJIIND,EQ,118.00,2098,241168.06
SBC,EQ,61.70,26585618,1646666160.07
SBFC,EQ,83.28,1721500,143409981.89
SBICARD,EQ,569.40,622300,352968789.25
SBIFUNDS,EQ,502.85,920580,459588059.25
SBILIFE,EQ,1750.00,941906,1640374926.30
SETFGOLD,EQ,125.36,9150958,1143769824.90
SETFNIF50,EQ,245.14,807354,197439913.56
SETFNIFBK,EQ,565.47,186970,105768317.68
SETFNN50,EQ,751.83,16951,12696585.32
LIQUIDSBI,EQ,999.99,2452,2451976.94
SBIBPB,EQ,46.61,22078,1027330.42
SBIETFCON,EQ,113.94,2469,280430.27
SBIETFIT,EQ,311.04,2434,757409.36
SBIETFPB,EQ,275.91,4312,1189541.01
SBIETFQLTY,EQ,207.80,6265,1295787.50
SBILIQETF,EQ,1058.89,437526,463292155.31
SBIMIDMOM,EQ,61.56,72718,4475053.29
SBINEQWETF,EQ,32.01,19042,600920.70
SBINMID150,EQ,21.98,11520,252451.09
SBISILVER,EQ,216.04,801021,172337858.39
SBISMLETF,EQ,17.90,24530,437532.58
SBIVALETF,EQ,13.95,6384,88913.84
SETF10GILT,EQ,259.78,2444,636585.65
SCHAEFFLER,EQ,3818.10,43159,165085051.10
SCHNEIDER,EQ,1274.00,127905,162969676.30
SCODATUBES,EQ,124.37,116589,14519392.21
SEAMECLTD,EQ,1584.90,54558,86571693.00
SECMARK,EQ,137.00,175,24348.44
SECURKLOUD,EQ,15.71,30534,486363.03
SEDEMAC,EQ,3399.60,143990,486710897.60
SEJALLTD,EQ,676.55,6501,4275317.85
SEMAC,EQ,235.55,7,1655.83
SENCO,EQ,318.75,559711,179089930.60
SENORES,EQ,1388.60,309834,421934983.30
SEPC,EQ,5.05,4908883,24850110.46
SERVOTECH,EQ,72.06,303819,21817830.22
STYL,EQ,369.70,551497,201426737.75
SESHAPAPER,EQ,233.87,28978,6805338.98
SGFIN,EQ,662.15,371637,247233422.50
SGMART,EQ,742.85,255968,190866710.25
SGLRES,EQ,2.26,33778,75247.17
SHADOWFAX,EQ,288.00,7609302,2185869590.75
SHAH,EQ,3.09,596500,1826847.26
SHAILY,EQ,3100.30,88898,275059305.80
SHAKTIPUMP,EQ,449.35,936744,419017343.00
SHALBY,EQ,136.51,50727,6889298.83
SAHLIBHFI,EQ,76.71,2882,221233.02
SRD,EQ,38.29,7028,269036.13
SHANKARA,EQ,125.58,113826,13976620.71
BUILDPRO,EQ,1301.50,126155,164555770.80
SHANKESH,EQ,92.21,2373020,216491147.88
SHANTIGEAR,EQ,602.30,50138,29911939.65
SEIL,EQ,186.16,592634,110735456.34
SHANTIGOLD,EQ,336.65,4557739,1501384610.65
SHANTI,EQ,5.49,32761,174402.24
SHINDL,EQ,158.69,135954,21444627.92
SHARDACROP,EQ,741.75,89366,65630551.50
SHARDAMOTR,EQ,928.55,26440,24523264.55
SHAREINDIA,EQ,211.40,880466,184710898.42
SFL,EQ,623.40,81224,50604735.20
SHEMAROO,EQ,111.76,6104,688576.06
SHERVANI,EQ,304.00,20,6080.00
SHILCTECH,EQ,4094.20,10823,44210829.30
SHILGRAVQ,EQ,145.31,1576,229250.25
SHILPAMED,EQ,1073.70,587086,623416086.80
SCILAL,EQ,37.68,236495,8853294.12
SCI,EQ,289.00,5287314,1521908609.40
SHIPROCKET,EQ,131.43,7625305,987336079.48
SHIVAUM,EQ,552.65,4729,2628855.35
SHIVACEM,EQ,13.19,118475,1572453.61
SHIVAAGRO,EQ,39.02,3408,130856.81
SHIVAMILLS,EQ,58.31,1160,67910.91
SHIVATEX,EQ,169.99,2607,436545.22
SBCL,EQ,1099.60,130349,142806992.10
SHIVALIK,EQ,386.25,78286,29555544.10
SHIVAMAUTO,EQ,16.60,93728,1587237.48
SHOPERSTOP,EQ,398.15,17408,6949785.20
SHRADDHA,EQ,166.72,9492,1594929.26
SHRADHA,EQ,29.83,31148,968748.45
SHREEPUSHK,EQ,510.10,51539,25779568.65
SAPPL,EQ,314.10,3162,992703.65
SHREECEM,EQ,22210.00,22436,494821720.00
SHREDIGCEM,EQ,65.12,144731,9449588.03
SGRL,EQ,719.05,31464,22595254.65
SRTL,EQ,36.67,12161,447150.92
SHREERAMA,EQ,43.53,35270,1527440.90
RAMANEWS,EQ,28.88,20075,582206.12
RENUKA,EQ,22.65,18626993,420275969.32
BALAJEE,EQ,24.24,62884,1528866.26
SVLL,EQ,835.60,2740,2285099.85
SHREEJISPG,EQ,796.50,1125084,890367184.10
OSWALSEEDS,EQ,12.13,81699,988760.07
SHREYANIND,EQ,128.94,7606,975730.33
SHBAJRG,EQ,162.80,6772,1109439.57
SHRJAGP,EQ,674.60,210,142911.85
VASUPRADA,EQ,95.00,2,187.00
SHRINGARMS,EQ,223.32,1145487,255632631.25
LIQUIDSHRI,EQ,1124.42,11502,12932930.94
SHRIRAMFIN,EQ,965.05,4433773,4288262049.55
SHRIRAMPPS,EQ,68.13,143686,9752137.19
SHUKRAPHAR,EQ,72.58,24259904,1764723304.93
SHYAMCENT,EQ,5.03,38542,194565.86
SHYAMMETL,EQ,1054.00,413254,429109618.40
SHYAMTEL,EQ,10.73,4752,51977.77
SICAGEN,EQ,51.87,4100,212248.48
ENRIN,EQ,3307.50,288526,958119222.20
SIEMENS,EQ,3854.00,219732,834632105.80
SIGACHI,EQ,29.89,5409694,163972116.82
SIGMA,EQ,45.24,88715,3972256.85
SIGNATURE,EQ,719.35,280842,204416743.35
SIGNPOST,EQ,262.10,30403,7980333.10
SIKA,EQ,1029.30,9995,10279980.90
SILINV,EQ,459.40,1855,846435.20
SILGO,EQ,69.51,66055,4613494.58
SILVERTUC,EQ,137.68,95538,13171794.42
SIMPLEXINF,EQ,259.13,205768,53007177.45
SIMPLXREA,EQ,113.75,203,24931.25
SINCLAIR,EQ,75.93,25792,1954702.65
SINDHUTRAD,EQ,22.00,4527595,102102816.54
SINGERIND,EQ,74.93,73914,5552500.34
SINTERCOM,EQ,76.93,3846,295480.11
SIRCA,EQ,406.60,78928,32174595.85
SIS,EQ,416.70,99900,41794292.65
SIYSIL,EQ,553.45,25170,13915729.85
SJS,EQ,1981.40,278139,556700953.80
SJVN,EQ,57.26,1735501,99200711.95
SKFINDUS,EQ,2774.60,23101,63216711.50
SKFINDIA,EQ,1461.90,34336,49796106.70
SKIPPER,EQ,551.50,377434,207168677.45
SKMEGGPROD,EQ,210.05,179510,37591455.51
SKYGOLD,EQ,857.65,4153944,3555509682.95
SKYWAYS,EQ,113.51,1344512,150273109.81
SMARTWORKS,EQ,503.90,128071,64975313.15
SMCGLOBAL,EQ,110.55,29982678,3359061977.87
SMLMAH,EQ,6135.50,55168,341076820.50
SMSPHARMA,EQ,472.20,242600,115076594.95
SNOWMAN,EQ,34.24,70667,2417651.97
SOBHA,EQ,1190.70,401261,478544439.40
SOFTTECH,EQ,461.55,1508,696699.90
SOLARINDS,EQ,20071.00,177180,3524049425.00
SOLARA,EQ,682.65,196640,133226212.55
SOLARWORLD,EQ,130.39,170537,21878088.64
SOLEX,EQ,690.85,114805,78957881.30
SDBL,EQ,74.02,589045,43652567.71
SOMATEX,EQ,79.09,5567,433342.09
SOMANYCERA,EQ,625.00,129420,80307287.65
SOMICONVEY,EQ,84.05,12860,1079620.14
SONACOMS,EQ,820.00,1679743,1359496747.95
SONAL,EQ,83.19,1616,134458.62
SONATSOFTW,EQ,252.05,515712,130194798.05
SOUTHWEST,EQ,199.72,161477,32059448.71
SPCENET,EQ,3.31,680098,2277209.16
SPANDANA,EQ,218.12,96068,20907401.15
SPENCERS,EQ,28.30,80468,2189078.63
SPIC,EQ,63.05,243856,15272782.15
SPLIL,EQ,29.49,1186,34880.15
SPMLINFRA,EQ,162.63,118985,19297009.36
SPORTKING,EQ,202.80,381331,77447898.34
SHRIPISTON,EQ,4405.00,74828,327691982.70
SRHHYPOLTD,EQ,548.65,15877,8717043.00
SRF,EQ,2470.00,150635,372237874.30
SRGHFL,EQ,122.55,6638,819158.29
HAVISHA,EQ,1.36,74614,102613.47
SRM,EQ,418.45,80137,33155526.10
SSRETAIL,EQ,712.75,14705225,10289779350.10
SETL,EQ,428.30,453699,194823309.60
SIL,EQ,16.00,8963,143961.84
STANLEY,EQ,136.54,41367,5645823.60
STARCEMENT,EQ,176.41,50211,8850775.64
STARHEALTH,EQ,550.55,2132928,1160834869.50
STARPAPER,EQ,154.14,2573,395077.35
STARTECK,EQ,272.50,1872,488361.40
SBIN,EQ,958.75,8204620,7836837881.00
STEAMHOUSE,EQ,118.42,11965420,1386773729.82
SAIL,EQ,178.10,19432905,3459245683.43
STEELCITY,EQ,82.72,3817,314908.15
STEELXIND,EQ,11.46,4754467,54265957.42
STLSTRINF,EQ,21.75,2590,58274.68
SSWL,EQ,424.70,2408881,1020781186.10
STEELCAS,EQ,369.60,88203,32583277.55
STEL,EQ,575.95,950,543687.80
STERTOOLS,EQ,218.45,30769,6713372.44
SGL,EQ,8.80,4518,40134.52
STLNETWORK,EQ,47.08,6587304,303949688.86
STOVEKRAFT,EQ,813.45,160000,130819248.55
STAR,EQ,1088.70,138279,150204376.00
SWSOLAR,EQ,172.54,1334043,226994547.98
STUDDS,EQ,407.05,37495,15259900.75
STYLAMIND,EQ,3303.50,22326,73951250.50
STYRENIX,EQ,2042.90,17806,36427173.70
SUBEXLTD,EQ,19.59,4662300,91517889.96
SUBROS,EQ,682.95,31223,21213685.80
SUDARSCHEM,EQ,1238.60,87536,108410609.90
SUDARCOLOR,EQ,368.30,3286,1211858.45
SUDEEPPHRM,EQ,1158.40,94340,110677493.10
SUKHJITS,EQ,147.84,9695,1448293.62
SULA,EQ,134.01,168005,22464250.35
SUMEDHA,EQ,43.45,5136,222230.51
SUMEETINDS,EQ,11.43,192796,2203658.28
SUMIT,EQ,51.88,43586,2268790.42
SUMICHEM,EQ,418.05,490031,205986587.15
SUMMITSEC,EQ,1321.00,1814,2393915.40
SPARC,EQ,196.89,688818,134643344.10
SUNPHARMA,EQ,1804.10,1478310,2642915969.50
SUNTV,EQ,632.10,1439793,908237013.25
SUNDRMBRAK,EQ,680.10,657,450609.05
SUNCLAY,EQ,1152.80,6613,7659713.30
SUNDARMFIN,EQ,4347.80,31040,133298785.80
SUNDARAM,EQ,1.09,137030,149734.66
SUNDRMFAST,EQ,1140.30,103800,117022240.30
SUNDROP,EQ,746.80,28219,21152167.90
SUNFLAG,EQ,459.05,704018,326262213.85
SUNLOC,EQ,68.00,60,4080.00
SUNRAKSHAK,EQ,356.75,2192,781125.45
SUNSHIEL,EQ,1047.40,1686,1786653.00
SUNSHINE,EQ,447.20,1276990,583403473.40
SUNTECK,EQ,279.60,57716,16150753.75
SUPERHOUSE,EQ,155.27,4302,667219.49
SIEL,EQ,31.00,11,341.00
SUPRAJIT,EQ,471.20,65826,30780807.95
SUPREME,EQ,30.27,7518,227698.12
SUPREMEIND,EQ,3497.90,221343,771737391.60
SUPREMEINF,EQ,61.40,151116,9112640.36
SPLPETRO,EQ,819.60,143797,117050803.85
SUPRIYA,EQ,915.35,177090,160033152.35
SURAJEST,EQ,205.53,92916,19214868.41
SURAJLTD,EQ,187.40,3738,686971.69
SURAKSHA,EQ,332.00,57477,18946288.45
SURANASOL,EQ,23.67,42501,1009881.38
SURANAT&P,EQ,15.76,29445,465370.51
SBGLP,EQ,22.78,45230,1039023.24
SURYAROSNI,EQ,221.35,165570,36652898.68
SURYALAXMI,EQ,57.00,1173,67329.96
SURYALA,EQ,376.30,255,96418.10
SURYODAY,EQ,151.47,305987,45880714.46
SUTLEJTEX,EQ,37.04,13973,518225.89
SUVEN,EQ,309.15,920242,283646655.75
SUVIDHAA,EQ,2.07,100019,205920.40
SUYOG,EQ,667.25,10888,7237725.60
SUZLON,EQ,39.16,42495197,1664365191.01
SVPGLOB,EQ,3.11,59824,179822.94
SWANCORP,EQ,268.85,817660,217508450.00
SWARAJENG,EQ,3537.80,9212,32509867.30
SWARNSAR,EQ,40.62,11939,475069.23
SWELECTES,EQ,613.80,28332,17353709.35
SWIGGY,EQ,244.20,9738654,2354990355.85
SYMBIOTEC,EQ,1149.50,641019,747897091.60
SYMPHONY,EQ,556.95,55548,31131171.35
SYNCOMF,EQ,23.22,15329504,355726885.67
SGIL,EQ,603.20,4622,2791300.45
SYNGENE,EQ,363.20,319188,114988378.95
SYRMA,EQ,1685.10,817702,1381684054.50
TGVSL,EQ,125.48,360172,44762935.26
TTL,EQ,7.38,264595,2017254.62
TAALTECH,EQ,1093.40,622209,651604363.20
TAINWALCHM,EQ,201.12,695,139521.62
TAJGVK,EQ,318.30,24032,7637459.35
TAKE,EQ,11.55,577722,6861414.82
TALBROAUTO,EQ,429.45,138664,59137617.00
TMB,EQ,878.95,136215,119972506.75
TNPL,EQ,145.94,62489,9174928.75
TNPETRO,EQ,126.03,803613,100633048.50
TANAA,EQ,309.30,36995,11598888.85
TANLA,EQ,492.15,132721,65107252.85
TARACHAND,EQ,46.42,40223,1870652.30
TARAPUR,EQ,11.61,24826,290101.36
TARC,EQ,124.10,180539,22252173.99
TARMAT,EQ,56.79,78718,4572184.01
TARSONS,EQ,331.65,166476,56654835.60
TASTYBITE,EQ,9413.00,932,8747543.00
TATACAP,EQ,322.10,1014911,325488370.55
TATACHEM,EQ,616.55,691824,427981422.50
TATACOMM,EQ,1681.80,132327,222420629.20
TCS,EQ,2100.00,2382510,4989553680.60
TATACONSUM,EQ,976.00,904358,868741046.85
TATAELXSI,EQ,3093.00,196732,608865392.20
TATAINVEST,EQ,624.15,335796,211311537.70
TMCV,EQ,433.80,7619951,3269796070.30
TMPV,EQ,285.80,7578840,2177397454.25
TATAPOWER,EQ,351.65,5741438,2026666333.10
TATASTEEL,EQ,178.69,17244259,3079971142.27
TATATECH,EQ,703.10,307198,215225458.40
TTML,EQ,34.18,1255795,42920228.62
NETF,EQ,247.59,736,182273.02
NPBET,EQ,281.10,333,93471.52
TNIDETF,EQ,84.01,80842,6806362.90
TATAGOLD,EQ,14.28,52143065,741749584.96
TATSILV,EQ,21.40,28052039,597141447.28
TATVA,EQ,1877.40,132614,245021116.10
TBOTEK,EQ,1693.20,178083,295131299.70
TCC,EQ,47.09,720355,34285898.89
TCIEXP,EQ,501.40,25355,12617529.90
TCIFINANCE,EQ,14.16,7205,101997.09
TCPLPACK,EQ,4007.90,2681,10644990.40
TDPOWERSYS,EQ,816.00,2739151,2237629402.70
TEAMGTY,EQ,235.02,326,76625.42
TEAMLEASE,EQ,1130.30,16958,19167990.20
TECHM,EQ,1504.50,2389084,3592046386.20
TECHNOE,EQ,996.20,112790,111917319.90
TIIL,EQ,2819.10,20082,56588335.50
TECHNOCRAF,EQ,467.25,646452,303068057.30
TECHNVISN,EQ,4012.90,118,464542.40
TECILCHEM,EQ,9.24,2818,26485.28
TEGA,EQ,2092.50,249989,524624824.70
TEJASNET,EQ,475.85,1878474,898545247.10
TEMBO,EQ,58.25,5603319,325983541.75
TEMPSENS,EQ,515.50,1537191,773234265.30
TENNIND,EQ,494.15,577492,284103566.25
TERASOFT,EQ,237.77,92595,22312654.44
TERAI,EQ,120.00,4,452.20
TEXINFRA,EQ,125.42,587316,72307878.51
TEXRAIL,EQ,117.38,2061189,243696334.84
TEXMOPIPES,EQ,53.80,175736,9317615.47
TGBHOTELS,EQ,9.37,4118,38666.50
THACKER,EQ,939.65,11,10339.65
THANGAMAYL,EQ,4758.50,41236,196490504.50
ANUP,EQ,1575.90,18047,28148854.60
BYKE,EQ,29.46,22384,659337.77
GESHIP,EQ,1532.60,740133,1134663729.00
GROBTEA,EQ,873.95,107,94803.90
INDIACEM,EQ,295.25,139497,41567555.80
INDHOTEL,EQ,736.00,2461719,1798254223.95
THEINVEST,EQ,90.81,1290,116584.15
NIACL,EQ,160.72,1937355,312991738.83
PHOENIXLTD,EQ,1883.50,617915,1160474396.50
RAMCOCEM,EQ,848.25,167222,140644926.65
RUBYMILLS,EQ,512.80,22847,11467748.55
SOUTHBANK,EQ,47.23,11015738,526889020.78
STCINDIA,EQ,105.86,9737,1033439.33
WIPL,EQ,161.65,56,9138.43
THEJO,EQ,2098.90,4668,9798946.50
THEMISMED,EQ,113.49,44074,5007238.03
THERMAX,EQ,3225.10,236487,760308017.90
TIRUMALCHM,EQ,148.53,320975,47723109.52
THOMASCOOK,EQ,101.09,248235,25025355.95
THOMASCOTT,EQ,280.80,111445,31588079.70
THYROCARE,EQ,529.80,156551,83616151.40
TIGERLOGS,EQ,25.86,306981,7885310.40
TI,EQ,547.80,2728824,1532042958.25
TIMETECHNO,EQ,183.07,2979108,542291025.08
TIMEX,EQ,731.70,528969,393312032.95
TIMKEN,EQ,3156.90,18065,56770122.80
TINNARUBR,EQ,950.25,24118,22751138.85
TIPSFILMS,EQ,334.55,98064,34738263.70
TIPSMUSIC,EQ,653.10,253226,164716018.40
TITAGARH,EQ,804.85,249996,201684091.75
TITAN,EQ,4550.00,800113,3643408651.10
TOKYOPLAST,EQ,71.10,833,60040.84
TOLINS,EQ,90.19,202771,18162671.71
TORNTPHARM,EQ,4772.00,302606,1441625740.90
TORNTPOWER,EQ,1234.90,206066,253524903.10
TOUCHWOOD,EQ,58.95,640,37475.90
TFCILTD,EQ,140.65,3376081,473919394.96
TOYAMSL,EQ,0.68,765045,508895.78
TPLPLASTEH,EQ,69.18,110390,7588368.95
TRACXN,EQ,34.34,493405,16732470.70
TARIL,EQ,283.65,2263680,640836519.90
TRANSCOR,EQ,23.91,624,14865.74
TREL,EQ,26.64,39088,1047702.76
TCI,EQ,888.00,40550,35796007.85
TRANSRAILL,EQ,482.40,2088541,1004149212.10
TFL,EQ,11.99,6398,76992.78
TRAVELFOOD,EQ,1197.90,23618,28283446.80
TREEHOUSE,EQ,5.82,17012,99399.89
TREJHARA,EQ,130.39,13317,1738746.43
TRENT,EQ,2906.00,6695372,19193048094.00
TRF,EQ,196.30,6221,1215883.05
TRIDENT,EQ,22.56,6085787,136689833.96
TRIGYN,EQ,51.70,20828,1081549.12
TRITONV,EQ,1093.00,2665,2896368.10
TRIVENI,EQ,241.97,920396,223356838.35
TRITURBINE,EQ,536.10,485568,255658335.75
TRUALT,EQ,444.35,130699,58358345.95
TRU,EQ,4.12,54342,226009.49
TSFINV,EQ,417.95,63765,26533452.20
TTKHLTCARE,EQ,1033.70,22381,23112409.70
TTKPRESTIG,EQ,522.85,21447,11141648.90
TIINDIA,EQ,2472.70,780130,1892495800.70
TURTLEMINT,EQ,68.91,2824519,196398471.21
TUTIALKA,EQ,54.00,5399,289285.50
TVTODAY,EQ,101.48,17508,1778683.83
TVSELECT,EQ,404.20,76143,30626425.85
TVSHLTD,EQ,11763.00,4509,53111109.00
TVSMOTOR,EQ,3981.00,791080,3154896237.50
TVSSRICHAK,EQ,4390.10,3855,16841596.20
TVSSCS,EQ,130.67,519940,67741763.18
UCOBANK,EQ,23.27,3053454,71169507.89
UDAYJEW,EQ,160.33,17571,2863316.08
USK,EQ,18.64,25994,490398.72
UFLEX,EQ,641.25,61320,39349580.80
UFO,EQ,57.38,19334,1111645.77
UGROCAP,EQ,82.97,102799,8500948.64
UEL,EQ,179.62,11101,1979353.68
UJJIVANSFB,EQ,65.19,13780244,909413691.25
ULTRAMAR,EQ,408.80,177802,72860095.60
ULTRACEMCO,EQ,10750.00,270277,2918384092.00
UMIYA-MRO,EQ,92.55,10179,938860.98
UNICHEMLAB,EQ,548.10,60230,32958246.20
UNIECOM,EQ,81.84,181148,14812190.25
UNIINFO,EQ,11.00,1893,20603.85
UNIMECH,EQ,1873.10,288002,536911181.50
UNIONBANK,EQ,168.44,10378539,1745994603.86
UNIONGOLD,EQ,143.35,3325,475513.75
UNIPARTS,EQ,824.70,101784,84589005.40
UNIENTER,EQ,87.09,2595,225867.60
UNITECH,EQ,4.00,2291434,9103510.17
UBL,EQ,1178.30,93587,110567579.10
UNIDT,EQ,226.13,34207,7863279.31
UNITEDTEA,EQ,415.95,1718,714910.15
UNITEDPOLY,EQ,48.49,706323,34338266.23
UNITDSPR,EQ,1358.00,925853,1257314470.70
UNIVCABLES,EQ,1649.20,374840,604482858.70
UNOMINDA,EQ,1120.00,1038825,1162180865.50
UDS,EQ,215.40,141225,30009541.41
UPL,EQ,509.55,1194229,606273579.00
URBANCO,EQ,173.54,23975368,4097243605.16
URJA,EQ,8.60,583060,5012237.24
UMESLTD,EQ,4.45,3511,15444.41
USHAMART,EQ,516.70,819697,421558242.55
UTIAMC,EQ,888.20,75256,66871497.50
LIQUIDBETA,EQ,1010.85,1,1010.85
NIF500BETA,EQ,35.99,5960,212698.11
SECLEDBETA,EQ,13.97,2731,37926.20
BANKBETA,EQ,56.88,1595947,90910340.19
GILT10BETA,EQ,26.45,163,4267.95
GILT5BETA,EQ,66.00,2532,167554.20
ITBETA,EQ,295.00,207,61097.56
MIDCAPBETA,EQ,222.14,333,73687.83
NEXT50BETA,EQ,75.50,153921,11598019.70
NIFTYBETA,EQ,252.39,21482,5411101.95
SENSEXBETA,EQ,809.72,2164,1748479.06
SILVERBETA,EQ,212.69,1588843,335966673.07
SNXT50BETA,EQ,90.07,333,29907.57
GOLDBETA,EQ,123.75,573104,70798302.30
UTKARSHBNK,EQ,13.52,2363770,31689152.06
UTTAMSUGAR,EQ,302.80,427890,130380365.95
VTMLTD,EQ,35.92,163584,6037166.56
VGUARD,EQ,306.30,409980,124024728.35
V2RETAIL,EQ,172.19,5350710,920013105.92
WABAG,EQ,2006.90,423835,853191704.30
VADILENT,EQ,9860.00,2,19720.00
VADILALIND,EQ,7309.50,7145,52022687.00
VAIBHAVGBL,EQ,202.43,108902,22036533.94
VAISHALI,EQ,8.17,227994,1855775.06
VAKRANGEE,EQ,5.19,869007,4516430.05
VALIANTORG,EQ,496.80,262872,128441445.60
DBREALTY,EQ,90.08,660832,59958856.53
VARDHACRLC,EQ,43.63,58968,2581523.00
VHL,EQ,3574.20,1294,4621644.00
VARDMNPOLY,EQ,5.44,320774,1747286.32
VSSL,EQ,389.75,43982,17145560.00
VTL,EQ,549.40,317619,172356383.85
VARMORA,EQ,132.84,1407091,186728749.15
VARROC,EQ,814.45,402684,325140767.70
VBL,EQ,439.30,4266861,1874316292.50
VGL,EQ,63.76,65905,4222446.27
VASCONEQ,EQ,32.31,325907,10567259.20
VASWANI,EQ,43.41,15181,665972.10
MANYAVAR,EQ,505.40,187727,95713044.25
VAML,EQ,401.05,4356180,1750028273.30
VISL,EQ,30.75,13725410,422281603.41
VEDL,EQ,265.60,14899808,3928359829.95
VOGL,EQ,31.41,11313091,354071590.24
VEDPOWER,EQ,32.53,7497056,241839261.47
VEDAVAAG,EQ,23.24,130276,2998181.77
VEEDOL,EQ,1392.40,10408,14345704.60
VEEGALAND,EQ,148.64,2946800,437932518.22
VENKEYS,EQ,1694.80,49857,83918437.60
VENTIVE,EQ,582.35,85216,49627243.20
VENUSPIPES,EQ,2240.30,80155,180254826.50
VERTOZ,EQ,33.52,81639,2796948.14
VESUVIUS,EQ,404.40,377740,155333961.25
VETO,EQ,138.54,62786,8675882.89
VSTL,EQ,108.56,8543,936011.61
VGCL,EQ,47.60,325,14979.26
VIDHIING,EQ,352.30,6713,2375768.85
VIDYAWIRES,EQ,95.83,2092268,198404645.05
VIJSOLX,EQ,620.00,23,14390.00
VIJAYA,EQ,1466.70,134949,196604300.00
VIKASECO,EQ,1.02,1846510,1885431.65
VIKASLIFE,EQ,1.20,2367196,2848664.54
VIKRAMSOLR,EQ,151.50,1330871,202141202.22
VIKRAN,EQ,58.13,518281,29988548.32
VIMTALABS,EQ,577.40,140356,81027102.55
VINATIORGA,EQ,1179.50,30277,35833780.40
VINDHYATEL,EQ,2829.70,142293,393404177.10
VINEETLAB,EQ,36.52,24929,913764.00
VINNY,EQ,0.90,439590,395717.94
VINCOFE,EQ,187.21,1459907,271328322.31
VINYLINDIA,EQ,212.77,10361,2202128.86
VIPCLOTHNG,EQ,20.30,26372,536573.82
VIPIND,EQ,288.10,108780,31214266.75
VIRAT,EQ,347.70,1764,611475.85
VIRINCHI,EQ,13.16,39744,517982.07
VOEPL,EQ,511.15,84435,42673423.65
VISACHROME,EQ,35.22,26497,927500.03
VIVIDHA,EQ,0.51,172652,89156.02
VISHAL,EQ,17.50,334362,5931363.64
VMM,EQ,100.95,15107047,1520359949.44
VISHNU,EQ,695.55,220744,151573664.80
VPRPL,EQ,28.77,351910,10134561.85
VISHWARAJ,EQ,5.72,1186917,6796797.70
VITAL,EQ,53.18,5003,257659.76
VIVIANA,EQ,824.20,88932,73709249.85
VIVOBIOT,EQ,13.87,130105,1810940.84
VIYASH,EQ,233.23,1481195,343803411.60
VLEGOV,EQ,9.37,164271,1555571.65
VLSFINANCE,EQ,233.90,4462,1036777.72
VMART,EQ,793.00,99506,78591442.15
VMSTMT,EQ,46.58,38944,1801017.75
IDEA,EQ,13.21,337226121,4417541128.29
VOITHPAPR,EQ,1425.00,94,133719.00
VOLTAMP,EQ,10539.00,9008,95048271.00
VOLTAS,EQ,1067.90,2705541,2869311340.40
VRAJ,EQ,121.60,10753,1317938.88
VRLLOG,EQ,284.95,95557,27232358.95
VSTIND,EQ,202.64,100176,20242401.46
VSTTILLERS,EQ,4426.30,12869,56395521.60
WHBRADY,EQ,485.00,329,162729.30
WPIL,EQ,444.15,42287,18862357.60
WSI,EQ,51.79,41522,2153216.46
WAAREEENER,EQ,2398.00,394147,936400473.20
WAAREERTL,EQ,825.95,101885,83577485.75
WAKEFIT,EQ,135.98,308548,42340740.86
WALCHANNAG,EQ,204.17,716366,144794762.26
WANBURY,EQ,197.87,1143379,227270474.29
WATERBASE,EQ,44.80,16937,758483.49
CORDELIA,EQ,104.32,872052,90184559.92
WEWIN,EQ,51.92,5900,304925.51
TWCGOLDETF,EQ,146.53,3405,498255.85
WEALTH,EQ,855.15,1300,1106750.90
WEBELSOLAR,EQ,70.89,2917914,203446513.99
WEIZMANIND,EQ,70.39,2565,182076.51
WELCORP,EQ,2660.90,1853422,4850413877.10
WELENT,EQ,718.30,150965,108651311.10
WELSPUNLIV,EQ,237.86,4609322,1093738566.80
WELSPLSOL,EQ,51.99,571376,29992663.47
WENDT,EQ,8097.50,3527,28575129.50
WSTCSTPAPR,EQ,753.05,254433,190501328.20
WCIL,EQ,87.76,137701,12130280.33
WESTLIFE,EQ,594.60,62651,37251954.40
WEWORK,EQ,664.90,82193,54273919.25
WHEELS,EQ,2289.00,120884,274515780.60
WHIRLPOOL,EQ,867.80,392092,341806110.10
WILLAMAGOR,EQ,21.88,784,16964.32
WINDLAS,EQ,1036.20,71884,73327318.30
WINDMACHIN,EQ,294.85,92539,26703990.40
WIPRO,EQ,161.84,16386869,2643300953.39
WOCKPHARMA,EQ,2176.40,899270,1923792578.40
WEL,EQ,74.62,181866,13596873.84
WONDERLA,EQ,509.70,37533,18886635.40
WORTHPERI,EQ,141.09,8240,1161795.73
XCHANGING,EQ,61.86,172281,10597194.79
XELPMOC,EQ,85.62,22716,1973136.76
XPROINDIA,EQ,1136.10,47015,53719679.20
XTGLOBAL,EQ,27.61,49359,1360872.91
XTRANET,EQ,300.30,614797,180936170.55
YASHO,EQ,4282.80,33512,141001521.60
YATHARTH,EQ,1058.80,382135,398846623.00
YATRA,EQ,101.48,353097,35709905.01
YESBANK,EQ,20.86,48861066,1022130560.80
YOGI,EQ,161.00,421,67980.49
YUKEN,EQ,1238.60,282354,355176185.90
ZFSTEERING,EQ,710.25,1592,1130341.65
ZAGGLE,EQ,171.88,1067509,182854927.58
ZEEL,EQ,72.42,15468698,1131747577.51
ZEELEARN,EQ,6.37,573557,3583402.96
ZEEMEDIA,EQ,7.22,633024,4560909.56
ZENTEC,EQ,1614.30,177507,285727663.30
ZENITHEXPO,EQ,187.56,531,100068.12
ZENITHSTL,EQ,5.25,57835,302678.03
ZENSARTECH,EQ,445.45,605170,270982079.30
GOLDCASE,EQ,23.14,43919555,1011854166.85
LIQUIDCASE,EQ,116.23,22378418,2601294096.10
LTGILTCASE,EQ,30.08,321728,9674142.84
MID150CASE,EQ,11.06,987103,10898373.20
NIFTYCASE,EQ,9.11,730152,6659474.69
SILVERCASE,EQ,22.32,3295102,73247930.34
SML100CASE,EQ,10.99,1217057,13356410.94
TOP100CASE,EQ,10.03,593557,5936508.65
ZFCVINDIA,EQ,2187.40,70332,153902900.90
ZIMLAB,EQ,138.57,63618,8812295.89
ZODIACLOTH,EQ,66.67,1950,130760.95
ZODIAC,EQ,212.65,10334,2217065.24
ZOTA,EQ,1278.60,20087,25829406.40
ZUARI,EQ,218.28,53443,11541338.17
ZUARIIND,EQ,288.45,85327,24774064.25
ZYDUSLIFE,EQ,1159.50,1575419,1819810872.00
ZYDUSWELL,EQ,502.40,136730,68055547.75
